-- phpMyAdmin SQL Dump
-- version 2.11.11.3
-- http://www.phpmyadmin.net
--
-- Host: 10.6.166.232
-- Generation Time: Jan 17, 2016 at 04:45 AM
-- Server version: 5.0.96
-- PHP Version: 5.3.4

SET SQL_MODE="NO_AUTO_VALUE_ON_ZERO";


/*!40101 SET @OLD_CHARACTER_SET_CLIENT=@@CHARACTER_SET_CLIENT */;
/*!40101 SET @OLD_CHARACTER_SET_RESULTS=@@CHARACTER_SET_RESULTS */;
/*!40101 SET @OLD_COLLATION_CONNECTION=@@COLLATION_CONNECTION */;
/*!40101 SET NAMES utf8 */;

--
-- Database: `information_schema`
--
CREATE DATABASE `information_schema` DEFAULT CHARACTER SET utf8 COLLATE utf8_general_ci;
USE `information_schema`;

-- --------------------------------------------------------

--
-- Table structure for table `CHARACTER_SETS`
--

CREATE TEMPORARY TABLE `CHARACTER_SETS` (
  `CHARACTER_SET_NAME` varchar(64) NOT NULL default '',
  `DEFAULT_COLLATE_NAME` varchar(64) NOT NULL default '',
  `DESCRIPTION` varchar(60) NOT NULL default '',
  `MAXLEN` bigint(3) NOT NULL default '0'
) ENGINE=MEMORY DEFAULT CHARSET=utf8;

--
-- Dumping data for table `CHARACTER_SETS`
--

INSERT INTO `CHARACTER_SETS` VALUES('big5', 'big5_chinese_ci', 'Big5 Traditional Chinese', 2);
INSERT INTO `CHARACTER_SETS` VALUES('dec8', 'dec8_swedish_ci', 'DEC West European', 1);
INSERT INTO `CHARACTER_SETS` VALUES('cp850', 'cp850_general_ci', 'DOS West European', 1);
INSERT INTO `CHARACTER_SETS` VALUES('hp8', 'hp8_english_ci', 'HP West European', 1);
INSERT INTO `CHARACTER_SETS` VALUES('koi8r', 'koi8r_general_ci', 'KOI8-R Relcom Russian', 1);
INSERT INTO `CHARACTER_SETS` VALUES('latin1', 'latin1_swedish_ci', 'cp1252 West European', 1);
INSERT INTO `CHARACTER_SETS` VALUES('latin2', 'latin2_general_ci', 'ISO 8859-2 Central European', 1);
INSERT INTO `CHARACTER_SETS` VALUES('swe7', 'swe7_swedish_ci', '7bit Swedish', 1);
INSERT INTO `CHARACTER_SETS` VALUES('ascii', 'ascii_general_ci', 'US ASCII', 1);
INSERT INTO `CHARACTER_SETS` VALUES('ujis', 'ujis_japanese_ci', 'EUC-JP Japanese', 3);
INSERT INTO `CHARACTER_SETS` VALUES('sjis', 'sjis_japanese_ci', 'Shift-JIS Japanese', 2);
INSERT INTO `CHARACTER_SETS` VALUES('hebrew', 'hebrew_general_ci', 'ISO 8859-8 Hebrew', 1);
INSERT INTO `CHARACTER_SETS` VALUES('tis620', 'tis620_thai_ci', 'TIS620 Thai', 1);
INSERT INTO `CHARACTER_SETS` VALUES('euckr', 'euckr_korean_ci', 'EUC-KR Korean', 2);
INSERT INTO `CHARACTER_SETS` VALUES('koi8u', 'koi8u_general_ci', 'KOI8-U Ukrainian', 1);
INSERT INTO `CHARACTER_SETS` VALUES('gb2312', 'gb2312_chinese_ci', 'GB2312 Simplified Chinese', 2);
INSERT INTO `CHARACTER_SETS` VALUES('greek', 'greek_general_ci', 'ISO 8859-7 Greek', 1);
INSERT INTO `CHARACTER_SETS` VALUES('cp1250', 'cp1250_general_ci', 'Windows Central European', 1);
INSERT INTO `CHARACTER_SETS` VALUES('gbk', 'gbk_chinese_ci', 'GBK Simplified Chinese', 2);
INSERT INTO `CHARACTER_SETS` VALUES('latin5', 'latin5_turkish_ci', 'ISO 8859-9 Turkish', 1);
INSERT INTO `CHARACTER_SETS` VALUES('armscii8', 'armscii8_general_ci', 'ARMSCII-8 Armenian', 1);
INSERT INTO `CHARACTER_SETS` VALUES('utf8', 'utf8_general_ci', 'UTF-8 Unicode', 3);
INSERT INTO `CHARACTER_SETS` VALUES('ucs2', 'ucs2_general_ci', 'UCS-2 Unicode', 2);
INSERT INTO `CHARACTER_SETS` VALUES('cp866', 'cp866_general_ci', 'DOS Russian', 1);
INSERT INTO `CHARACTER_SETS` VALUES('keybcs2', 'keybcs2_general_ci', 'DOS Kamenicky Czech-Slovak', 1);
INSERT INTO `CHARACTER_SETS` VALUES('macce', 'macce_general_ci', 'Mac Central European', 1);
INSERT INTO `CHARACTER_SETS` VALUES('macroman', 'macroman_general_ci', 'Mac West European', 1);
INSERT INTO `CHARACTER_SETS` VALUES('cp852', 'cp852_general_ci', 'DOS Central European', 1);
INSERT INTO `CHARACTER_SETS` VALUES('latin7', 'latin7_general_ci', 'ISO 8859-13 Baltic', 1);
INSERT INTO `CHARACTER_SETS` VALUES('cp1251', 'cp1251_general_ci', 'Windows Cyrillic', 1);
INSERT INTO `CHARACTER_SETS` VALUES('cp1256', 'cp1256_general_ci', 'Windows Arabic', 1);
INSERT INTO `CHARACTER_SETS` VALUES('cp1257', 'cp1257_general_ci', 'Windows Baltic', 1);
INSERT INTO `CHARACTER_SETS` VALUES('binary', 'binary', 'Binary pseudo charset', 1);
INSERT INTO `CHARACTER_SETS` VALUES('geostd8', 'geostd8_general_ci', 'GEOSTD8 Georgian', 1);
INSERT INTO `CHARACTER_SETS` VALUES('cp932', 'cp932_japanese_ci', 'SJIS for Windows Japanese', 2);
INSERT INTO `CHARACTER_SETS` VALUES('eucjpms', 'eucjpms_japanese_ci', 'UJIS for Windows Japanese', 3);

-- --------------------------------------------------------

--
-- Table structure for table `CLIENT_STATISTICS`
--

CREATE TEMPORARY TABLE `CLIENT_STATISTICS` (
  `CLIENT` varchar(64) NOT NULL default '',
  `TOTAL_CONNECTIONS` bigint(21) NOT NULL default '0',
  `CONCURRENT_CONNECTIONS` bigint(21) NOT NULL default '0',
  `CONNECTED_TIME` bigint(21) NOT NULL default '0',
  `BUSY_TIME` bigint(21) NOT NULL default '0',
  `CPU_TIME` bigint(21) NOT NULL default '0',
  `BYTES_RECEIVED` bigint(21) NOT NULL default '0',
  `BYTES_SENT` bigint(21) NOT NULL default '0',
  `BINLOG_BYTES_WRITTEN` bigint(21) NOT NULL default '0',
  `ROWS_FETCHED` bigint(21) NOT NULL default '0',
  `ROWS_UPDATED` bigint(21) NOT NULL default '0',
  `TABLE_ROWS_READ` bigint(21) NOT NULL default '0',
  `SELECT_COMMANDS` bigint(21) NOT NULL default '0',
  `UPDATE_COMMANDS` bigint(21) NOT NULL default '0',
  `OTHER_COMMANDS` bigint(21) NOT NULL default '0',
  `COMMIT_TRANSACTIONS` bigint(21) NOT NULL default '0',
  `ROLLBACK_TRANSACTIONS` bigint(21) NOT NULL default '0',
  `DENIED_CONNECTIONS` bigint(21) NOT NULL default '0',
  `LOST_CONNECTIONS` bigint(21) NOT NULL default '0',
  `ACCESS_DENIED` bigint(21) NOT NULL default '0',
  `EMPTY_QUERIES` bigint(21) NOT NULL default '0'
) ENGINE=MEMORY DEFAULT CHARSET=utf8;

--
-- Dumping data for table `CLIENT_STATISTICS`
--

-- in use (#1227 - Access denied; you need the PROCESS,SUPER privilege for this operation)

-- --------------------------------------------------------

--
-- Table structure for table `COLLATIONS`
--

CREATE TEMPORARY TABLE `COLLATIONS` (
  `COLLATION_NAME` varchar(64) NOT NULL default '',
  `CHARACTER_SET_NAME` varchar(64) NOT NULL default '',
  `ID` bigint(11) NOT NULL default '0',
  `IS_DEFAULT` varchar(3) NOT NULL default '',
  `IS_COMPILED` varchar(3) NOT NULL default '',
  `SORTLEN` bigint(3) NOT NULL default '0'
) ENGINE=MEMORY DEFAULT CHARSET=utf8;

--
-- Dumping data for table `COLLATIONS`
--

INSERT INTO `COLLATIONS` VALUES('big5_chinese_ci', 'big5', 1, 'Yes', 'Yes', 1);
INSERT INTO `COLLATIONS` VALUES('big5_bin', 'big5', 84, '', 'Yes', 1);
INSERT INTO `COLLATIONS` VALUES('dec8_swedish_ci', 'dec8', 3, 'Yes', 'Yes', 1);
INSERT INTO `COLLATIONS` VALUES('dec8_bin', 'dec8', 69, '', 'Yes', 1);
INSERT INTO `COLLATIONS` VALUES('cp850_general_ci', 'cp850', 4, 'Yes', 'Yes', 1);
INSERT INTO `COLLATIONS` VALUES('cp850_bin', 'cp850', 80, '', 'Yes', 1);
INSERT INTO `COLLATIONS` VALUES('hp8_english_ci', 'hp8', 6, 'Yes', 'Yes', 1);
INSERT INTO `COLLATIONS` VALUES('hp8_bin', 'hp8', 72, '', 'Yes', 1);
INSERT INTO `COLLATIONS` VALUES('koi8r_general_ci', 'koi8r', 7, 'Yes', 'Yes', 1);
INSERT INTO `COLLATIONS` VALUES('koi8r_bin', 'koi8r', 74, '', 'Yes', 1);
INSERT INTO `COLLATIONS` VALUES('latin1_german1_ci', 'latin1', 5, '', 'Yes', 1);
INSERT INTO `COLLATIONS` VALUES('latin1_swedish_ci', 'latin1', 8, 'Yes', 'Yes', 1);
INSERT INTO `COLLATIONS` VALUES('latin1_danish_ci', 'latin1', 15, '', 'Yes', 1);
INSERT INTO `COLLATIONS` VALUES('latin1_german2_ci', 'latin1', 31, '', 'Yes', 2);
INSERT INTO `COLLATIONS` VALUES('latin1_bin', 'latin1', 47, '', 'Yes', 1);
INSERT INTO `COLLATIONS` VALUES('latin1_general_ci', 'latin1', 48, '', 'Yes', 1);
INSERT INTO `COLLATIONS` VALUES('latin1_general_cs', 'latin1', 49, '', 'Yes', 1);
INSERT INTO `COLLATIONS` VALUES('latin1_spanish_ci', 'latin1', 94, '', 'Yes', 1);
INSERT INTO `COLLATIONS` VALUES('latin2_czech_cs', 'latin2', 2, '', 'Yes', 4);
INSERT INTO `COLLATIONS` VALUES('latin2_general_ci', 'latin2', 9, 'Yes', 'Yes', 1);
INSERT INTO `COLLATIONS` VALUES('latin2_hungarian_ci', 'latin2', 21, '', 'Yes', 1);
INSERT INTO `COLLATIONS` VALUES('latin2_croatian_ci', 'latin2', 27, '', 'Yes', 1);
INSERT INTO `COLLATIONS` VALUES('latin2_bin', 'latin2', 77, '', 'Yes', 1);
INSERT INTO `COLLATIONS` VALUES('swe7_swedish_ci', 'swe7', 10, 'Yes', 'Yes', 1);
INSERT INTO `COLLATIONS` VALUES('swe7_bin', 'swe7', 82, '', 'Yes', 1);
INSERT INTO `COLLATIONS` VALUES('ascii_general_ci', 'ascii', 11, 'Yes', 'Yes', 1);
INSERT INTO `COLLATIONS` VALUES('ascii_bin', 'ascii', 65, '', 'Yes', 1);
INSERT INTO `COLLATIONS` VALUES('ujis_japanese_ci', 'ujis', 12, 'Yes', 'Yes', 1);
INSERT INTO `COLLATIONS` VALUES('ujis_bin', 'ujis', 91, '', 'Yes', 1);
INSERT INTO `COLLATIONS` VALUES('sjis_japanese_ci', 'sjis', 13, 'Yes', 'Yes', 1);
INSERT INTO `COLLATIONS` VALUES('sjis_bin', 'sjis', 88, '', 'Yes', 1);
INSERT INTO `COLLATIONS` VALUES('hebrew_general_ci', 'hebrew', 16, 'Yes', 'Yes', 1);
INSERT INTO `COLLATIONS` VALUES('hebrew_bin', 'hebrew', 71, '', 'Yes', 1);
INSERT INTO `COLLATIONS` VALUES('tis620_thai_ci', 'tis620', 18, 'Yes', 'Yes', 4);
INSERT INTO `COLLATIONS` VALUES('tis620_bin', 'tis620', 89, '', 'Yes', 1);
INSERT INTO `COLLATIONS` VALUES('euckr_korean_ci', 'euckr', 19, 'Yes', 'Yes', 1);
INSERT INTO `COLLATIONS` VALUES('euckr_bin', 'euckr', 85, '', 'Yes', 1);
INSERT INTO `COLLATIONS` VALUES('koi8u_general_ci', 'koi8u', 22, 'Yes', 'Yes', 1);
INSERT INTO `COLLATIONS` VALUES('koi8u_bin', 'koi8u', 75, '', 'Yes', 1);
INSERT INTO `COLLATIONS` VALUES('gb2312_chinese_ci', 'gb2312', 24, 'Yes', 'Yes', 1);
INSERT INTO `COLLATIONS` VALUES('gb2312_bin', 'gb2312', 86, '', 'Yes', 1);
INSERT INTO `COLLATIONS` VALUES('greek_general_ci', 'greek', 25, 'Yes', 'Yes', 1);
INSERT INTO `COLLATIONS` VALUES('greek_bin', 'greek', 70, '', 'Yes', 1);
INSERT INTO `COLLATIONS` VALUES('cp1250_general_ci', 'cp1250', 26, 'Yes', 'Yes', 1);
INSERT INTO `COLLATIONS` VALUES('cp1250_czech_cs', 'cp1250', 34, '', 'Yes', 2);
INSERT INTO `COLLATIONS` VALUES('cp1250_croatian_ci', 'cp1250', 44, '', 'Yes', 1);
INSERT INTO `COLLATIONS` VALUES('cp1250_bin', 'cp1250', 66, '', 'Yes', 1);
INSERT INTO `COLLATIONS` VALUES('gbk_chinese_ci', 'gbk', 28, 'Yes', 'Yes', 1);
INSERT INTO `COLLATIONS` VALUES('gbk_bin', 'gbk', 87, '', 'Yes', 1);
INSERT INTO `COLLATIONS` VALUES('latin5_turkish_ci', 'latin5', 30, 'Yes', 'Yes', 1);
INSERT INTO `COLLATIONS` VALUES('latin5_bin', 'latin5', 78, '', 'Yes', 1);
INSERT INTO `COLLATIONS` VALUES('armscii8_general_ci', 'armscii8', 32, 'Yes', 'Yes', 1);
INSERT INTO `COLLATIONS` VALUES('armscii8_bin', 'armscii8', 64, '', 'Yes', 1);
INSERT INTO `COLLATIONS` VALUES('utf8_general_ci', 'utf8', 33, 'Yes', 'Yes', 1);
INSERT INTO `COLLATIONS` VALUES('utf8_bin', 'utf8', 83, '', 'Yes', 1);
INSERT INTO `COLLATIONS` VALUES('utf8_unicode_ci', 'utf8', 192, '', 'Yes', 8);
INSERT INTO `COLLATIONS` VALUES('utf8_icelandic_ci', 'utf8', 193, '', 'Yes', 8);
INSERT INTO `COLLATIONS` VALUES('utf8_latvian_ci', 'utf8', 194, '', 'Yes', 8);
INSERT INTO `COLLATIONS` VALUES('utf8_romanian_ci', 'utf8', 195, '', 'Yes', 8);
INSERT INTO `COLLATIONS` VALUES('utf8_slovenian_ci', 'utf8', 196, '', 'Yes', 8);
INSERT INTO `COLLATIONS` VALUES('utf8_polish_ci', 'utf8', 197, '', 'Yes', 8);
INSERT INTO `COLLATIONS` VALUES('utf8_estonian_ci', 'utf8', 198, '', 'Yes', 8);
INSERT INTO `COLLATIONS` VALUES('utf8_spanish_ci', 'utf8', 199, '', 'Yes', 8);
INSERT INTO `COLLATIONS` VALUES('utf8_swedish_ci', 'utf8', 200, '', 'Yes', 8);
INSERT INTO `COLLATIONS` VALUES('utf8_turkish_ci', 'utf8', 201, '', 'Yes', 8);
INSERT INTO `COLLATIONS` VALUES('utf8_czech_ci', 'utf8', 202, '', 'Yes', 8);
INSERT INTO `COLLATIONS` VALUES('utf8_danish_ci', 'utf8', 203, '', 'Yes', 8);
INSERT INTO `COLLATIONS` VALUES('utf8_lithuanian_ci', 'utf8', 204, '', 'Yes', 8);
INSERT INTO `COLLATIONS` VALUES('utf8_slovak_ci', 'utf8', 205, '', 'Yes', 8);
INSERT INTO `COLLATIONS` VALUES('utf8_spanish2_ci', 'utf8', 206, '', 'Yes', 8);
INSERT INTO `COLLATIONS` VALUES('utf8_roman_ci', 'utf8', 207, '', 'Yes', 8);
INSERT INTO `COLLATIONS` VALUES('utf8_persian_ci', 'utf8', 208, '', 'Yes', 8);
INSERT INTO `COLLATIONS` VALUES('utf8_esperanto_ci', 'utf8', 209, '', 'Yes', 8);
INSERT INTO `COLLATIONS` VALUES('utf8_hungarian_ci', 'utf8', 210, '', 'Yes', 8);
INSERT INTO `COLLATIONS` VALUES('ucs2_general_ci', 'ucs2', 35, 'Yes', 'Yes', 1);
INSERT INTO `COLLATIONS` VALUES('ucs2_bin', 'ucs2', 90, '', 'Yes', 1);
INSERT INTO `COLLATIONS` VALUES('ucs2_unicode_ci', 'ucs2', 128, '', 'Yes', 8);
INSERT INTO `COLLATIONS` VALUES('ucs2_icelandic_ci', 'ucs2', 129, '', 'Yes', 8);
INSERT INTO `COLLATIONS` VALUES('ucs2_latvian_ci', 'ucs2', 130, '', 'Yes', 8);
INSERT INTO `COLLATIONS` VALUES('ucs2_romanian_ci', 'ucs2', 131, '', 'Yes', 8);
INSERT INTO `COLLATIONS` VALUES('ucs2_slovenian_ci', 'ucs2', 132, '', 'Yes', 8);
INSERT INTO `COLLATIONS` VALUES('ucs2_polish_ci', 'ucs2', 133, '', 'Yes', 8);
INSERT INTO `COLLATIONS` VALUES('ucs2_estonian_ci', 'ucs2', 134, '', 'Yes', 8);
INSERT INTO `COLLATIONS` VALUES('ucs2_spanish_ci', 'ucs2', 135, '', 'Yes', 8);
INSERT INTO `COLLATIONS` VALUES('ucs2_swedish_ci', 'ucs2', 136, '', 'Yes', 8);
INSERT INTO `COLLATIONS` VALUES('ucs2_turkish_ci', 'ucs2', 137, '', 'Yes', 8);
INSERT INTO `COLLATIONS` VALUES('ucs2_czech_ci', 'ucs2', 138, '', 'Yes', 8);
INSERT INTO `COLLATIONS` VALUES('ucs2_danish_ci', 'ucs2', 139, '', 'Yes', 8);
INSERT INTO `COLLATIONS` VALUES('ucs2_lithuanian_ci', 'ucs2', 140, '', 'Yes', 8);
INSERT INTO `COLLATIONS` VALUES('ucs2_slovak_ci', 'ucs2', 141, '', 'Yes', 8);
INSERT INTO `COLLATIONS` VALUES('ucs2_spanish2_ci', 'ucs2', 142, '', 'Yes', 8);
INSERT INTO `COLLATIONS` VALUES('ucs2_roman_ci', 'ucs2', 143, '', 'Yes', 8);
INSERT INTO `COLLATIONS` VALUES('ucs2_persian_ci', 'ucs2', 144, '', 'Yes', 8);
INSERT INTO `COLLATIONS` VALUES('ucs2_esperanto_ci', 'ucs2', 145, '', 'Yes', 8);
INSERT INTO `COLLATIONS` VALUES('ucs2_hungarian_ci', 'ucs2', 146, '', 'Yes', 8);
INSERT INTO `COLLATIONS` VALUES('cp866_general_ci', 'cp866', 36, 'Yes', 'Yes', 1);
INSERT INTO `COLLATIONS` VALUES('cp866_bin', 'cp866', 68, '', 'Yes', 1);
INSERT INTO `COLLATIONS` VALUES('keybcs2_general_ci', 'keybcs2', 37, 'Yes', 'Yes', 1);
INSERT INTO `COLLATIONS` VALUES('keybcs2_bin', 'keybcs2', 73, '', 'Yes', 1);
INSERT INTO `COLLATIONS` VALUES('macce_general_ci', 'macce', 38, 'Yes', 'Yes', 1);
INSERT INTO `COLLATIONS` VALUES('macce_bin', 'macce', 43, '', 'Yes', 1);
INSERT INTO `COLLATIONS` VALUES('macroman_general_ci', 'macroman', 39, 'Yes', 'Yes', 1);
INSERT INTO `COLLATIONS` VALUES('macroman_bin', 'macroman', 53, '', 'Yes', 1);
INSERT INTO `COLLATIONS` VALUES('cp852_general_ci', 'cp852', 40, 'Yes', 'Yes', 1);
INSERT INTO `COLLATIONS` VALUES('cp852_bin', 'cp852', 81, '', 'Yes', 1);
INSERT INTO `COLLATIONS` VALUES('latin7_estonian_cs', 'latin7', 20, '', 'Yes', 1);
INSERT INTO `COLLATIONS` VALUES('latin7_general_ci', 'latin7', 41, 'Yes', 'Yes', 1);
INSERT INTO `COLLATIONS` VALUES('latin7_general_cs', 'latin7', 42, '', 'Yes', 1);
INSERT INTO `COLLATIONS` VALUES('latin7_bin', 'latin7', 79, '', 'Yes', 1);
INSERT INTO `COLLATIONS` VALUES('cp1251_bulgarian_ci', 'cp1251', 14, '', 'Yes', 1);
INSERT INTO `COLLATIONS` VALUES('cp1251_ukrainian_ci', 'cp1251', 23, '', 'Yes', 1);
INSERT INTO `COLLATIONS` VALUES('cp1251_bin', 'cp1251', 50, '', 'Yes', 1);
INSERT INTO `COLLATIONS` VALUES('cp1251_general_ci', 'cp1251', 51, 'Yes', 'Yes', 1);
INSERT INTO `COLLATIONS` VALUES('cp1251_general_cs', 'cp1251', 52, '', 'Yes', 1);
INSERT INTO `COLLATIONS` VALUES('cp1256_general_ci', 'cp1256', 57, 'Yes', 'Yes', 1);
INSERT INTO `COLLATIONS` VALUES('cp1256_bin', 'cp1256', 67, '', 'Yes', 1);
INSERT INTO `COLLATIONS` VALUES('cp1257_lithuanian_ci', 'cp1257', 29, '', 'Yes', 1);
INSERT INTO `COLLATIONS` VALUES('cp1257_bin', 'cp1257', 58, '', 'Yes', 1);
INSERT INTO `COLLATIONS` VALUES('cp1257_general_ci', 'cp1257', 59, 'Yes', 'Yes', 1);
INSERT INTO `COLLATIONS` VALUES('binary', 'binary', 63, 'Yes', 'Yes', 1);
INSERT INTO `COLLATIONS` VALUES('geostd8_general_ci', 'geostd8', 92, 'Yes', 'Yes', 1);
INSERT INTO `COLLATIONS` VALUES('geostd8_bin', 'geostd8', 93, '', 'Yes', 1);
INSERT INTO `COLLATIONS` VALUES('cp932_japanese_ci', 'cp932', 95, 'Yes', 'Yes', 1);
INSERT INTO `COLLATIONS` VALUES('cp932_bin', 'cp932', 96, '', 'Yes', 1);
INSERT INTO `COLLATIONS` VALUES('eucjpms_japanese_ci', 'eucjpms', 97, 'Yes', 'Yes', 1);
INSERT INTO `COLLATIONS` VALUES('eucjpms_bin', 'eucjpms', 98, '', 'Yes', 1);

-- --------------------------------------------------------

--
-- Table structure for table `COLLATION_CHARACTER_SET_APPLICABILITY`
--

CREATE TEMPORARY TABLE `COLLATION_CHARACTER_SET_APPLICABILITY` (
  `COLLATION_NAME` varchar(64) NOT NULL default '',
  `CHARACTER_SET_NAME` varchar(64) NOT NULL default ''
) ENGINE=MEMORY DEFAULT CHARSET=utf8;

--
-- Dumping data for table `COLLATION_CHARACTER_SET_APPLICABILITY`
--

INSERT INTO `COLLATION_CHARACTER_SET_APPLICABILITY` VALUES('big5_chinese_ci', 'big5');
INSERT INTO `COLLATION_CHARACTER_SET_APPLICABILITY` VALUES('big5_bin', 'big5');
INSERT INTO `COLLATION_CHARACTER_SET_APPLICABILITY` VALUES('dec8_swedish_ci', 'dec8');
INSERT INTO `COLLATION_CHARACTER_SET_APPLICABILITY` VALUES('dec8_bin', 'dec8');
INSERT INTO `COLLATION_CHARACTER_SET_APPLICABILITY` VALUES('cp850_general_ci', 'cp850');
INSERT INTO `COLLATION_CHARACTER_SET_APPLICABILITY` VALUES('cp850_bin', 'cp850');
INSERT INTO `COLLATION_CHARACTER_SET_APPLICABILITY` VALUES('hp8_english_ci', 'hp8');
INSERT INTO `COLLATION_CHARACTER_SET_APPLICABILITY` VALUES('hp8_bin', 'hp8');
INSERT INTO `COLLATION_CHARACTER_SET_APPLICABILITY` VALUES('koi8r_general_ci', 'koi8r');
INSERT INTO `COLLATION_CHARACTER_SET_APPLICABILITY` VALUES('koi8r_bin', 'koi8r');
INSERT INTO `COLLATION_CHARACTER_SET_APPLICABILITY` VALUES('latin1_german1_ci', 'latin1');
INSERT INTO `COLLATION_CHARACTER_SET_APPLICABILITY` VALUES('latin1_swedish_ci', 'latin1');
INSERT INTO `COLLATION_CHARACTER_SET_APPLICABILITY` VALUES('latin1_danish_ci', 'latin1');
INSERT INTO `COLLATION_CHARACTER_SET_APPLICABILITY` VALUES('latin1_german2_ci', 'latin1');
INSERT INTO `COLLATION_CHARACTER_SET_APPLICABILITY` VALUES('latin1_bin', 'latin1');
INSERT INTO `COLLATION_CHARACTER_SET_APPLICABILITY` VALUES('latin1_general_ci', 'latin1');
INSERT INTO `COLLATION_CHARACTER_SET_APPLICABILITY` VALUES('latin1_general_cs', 'latin1');
INSERT INTO `COLLATION_CHARACTER_SET_APPLICABILITY` VALUES('latin1_spanish_ci', 'latin1');
INSERT INTO `COLLATION_CHARACTER_SET_APPLICABILITY` VALUES('latin2_czech_cs', 'latin2');
INSERT INTO `COLLATION_CHARACTER_SET_APPLICABILITY` VALUES('latin2_general_ci', 'latin2');
INSERT INTO `COLLATION_CHARACTER_SET_APPLICABILITY` VALUES('latin2_hungarian_ci', 'latin2');
INSERT INTO `COLLATION_CHARACTER_SET_APPLICABILITY` VALUES('latin2_croatian_ci', 'latin2');
INSERT INTO `COLLATION_CHARACTER_SET_APPLICABILITY` VALUES('latin2_bin', 'latin2');
INSERT INTO `COLLATION_CHARACTER_SET_APPLICABILITY` VALUES('swe7_swedish_ci', 'swe7');
INSERT INTO `COLLATION_CHARACTER_SET_APPLICABILITY` VALUES('swe7_bin', 'swe7');
INSERT INTO `COLLATION_CHARACTER_SET_APPLICABILITY` VALUES('ascii_general_ci', 'ascii');
INSERT INTO `COLLATION_CHARACTER_SET_APPLICABILITY` VALUES('ascii_bin', 'ascii');
INSERT INTO `COLLATION_CHARACTER_SET_APPLICABILITY` VALUES('ujis_japanese_ci', 'ujis');
INSERT INTO `COLLATION_CHARACTER_SET_APPLICABILITY` VALUES('ujis_bin', 'ujis');
INSERT INTO `COLLATION_CHARACTER_SET_APPLICABILITY` VALUES('sjis_japanese_ci', 'sjis');
INSERT INTO `COLLATION_CHARACTER_SET_APPLICABILITY` VALUES('sjis_bin', 'sjis');
INSERT INTO `COLLATION_CHARACTER_SET_APPLICABILITY` VALUES('hebrew_general_ci', 'hebrew');
INSERT INTO `COLLATION_CHARACTER_SET_APPLICABILITY` VALUES('hebrew_bin', 'hebrew');
INSERT INTO `COLLATION_CHARACTER_SET_APPLICABILITY` VALUES('tis620_thai_ci', 'tis620');
INSERT INTO `COLLATION_CHARACTER_SET_APPLICABILITY` VALUES('tis620_bin', 'tis620');
INSERT INTO `COLLATION_CHARACTER_SET_APPLICABILITY` VALUES('euckr_korean_ci', 'euckr');
INSERT INTO `COLLATION_CHARACTER_SET_APPLICABILITY` VALUES('euckr_bin', 'euckr');
INSERT INTO `COLLATION_CHARACTER_SET_APPLICABILITY` VALUES('koi8u_general_ci', 'koi8u');
INSERT INTO `COLLATION_CHARACTER_SET_APPLICABILITY` VALUES('koi8u_bin', 'koi8u');
INSERT INTO `COLLATION_CHARACTER_SET_APPLICABILITY` VALUES('gb2312_chinese_ci', 'gb2312');
INSERT INTO `COLLATION_CHARACTER_SET_APPLICABILITY` VALUES('gb2312_bin', 'gb2312');
INSERT INTO `COLLATION_CHARACTER_SET_APPLICABILITY` VALUES('greek_general_ci', 'greek');
INSERT INTO `COLLATION_CHARACTER_SET_APPLICABILITY` VALUES('greek_bin', 'greek');
INSERT INTO `COLLATION_CHARACTER_SET_APPLICABILITY` VALUES('cp1250_general_ci', 'cp1250');
INSERT INTO `COLLATION_CHARACTER_SET_APPLICABILITY` VALUES('cp1250_czech_cs', 'cp1250');
INSERT INTO `COLLATION_CHARACTER_SET_APPLICABILITY` VALUES('cp1250_croatian_ci', 'cp1250');
INSERT INTO `COLLATION_CHARACTER_SET_APPLICABILITY` VALUES('cp1250_bin', 'cp1250');
INSERT INTO `COLLATION_CHARACTER_SET_APPLICABILITY` VALUES('gbk_chinese_ci', 'gbk');
INSERT INTO `COLLATION_CHARACTER_SET_APPLICABILITY` VALUES('gbk_bin', 'gbk');
INSERT INTO `COLLATION_CHARACTER_SET_APPLICABILITY` VALUES('latin5_turkish_ci', 'latin5');
INSERT INTO `COLLATION_CHARACTER_SET_APPLICABILITY` VALUES('latin5_bin', 'latin5');
INSERT INTO `COLLATION_CHARACTER_SET_APPLICABILITY` VALUES('armscii8_general_ci', 'armscii8');
INSERT INTO `COLLATION_CHARACTER_SET_APPLICABILITY` VALUES('armscii8_bin', 'armscii8');
INSERT INTO `COLLATION_CHARACTER_SET_APPLICABILITY` VALUES('utf8_general_ci', 'utf8');
INSERT INTO `COLLATION_CHARACTER_SET_APPLICABILITY` VALUES('utf8_bin', 'utf8');
INSERT INTO `COLLATION_CHARACTER_SET_APPLICABILITY` VALUES('utf8_unicode_ci', 'utf8');
INSERT INTO `COLLATION_CHARACTER_SET_APPLICABILITY` VALUES('utf8_icelandic_ci', 'utf8');
INSERT INTO `COLLATION_CHARACTER_SET_APPLICABILITY` VALUES('utf8_latvian_ci', 'utf8');
INSERT INTO `COLLATION_CHARACTER_SET_APPLICABILITY` VALUES('utf8_romanian_ci', 'utf8');
INSERT INTO `COLLATION_CHARACTER_SET_APPLICABILITY` VALUES('utf8_slovenian_ci', 'utf8');
INSERT INTO `COLLATION_CHARACTER_SET_APPLICABILITY` VALUES('utf8_polish_ci', 'utf8');
INSERT INTO `COLLATION_CHARACTER_SET_APPLICABILITY` VALUES('utf8_estonian_ci', 'utf8');
INSERT INTO `COLLATION_CHARACTER_SET_APPLICABILITY` VALUES('utf8_spanish_ci', 'utf8');
INSERT INTO `COLLATION_CHARACTER_SET_APPLICABILITY` VALUES('utf8_swedish_ci', 'utf8');
INSERT INTO `COLLATION_CHARACTER_SET_APPLICABILITY` VALUES('utf8_turkish_ci', 'utf8');
INSERT INTO `COLLATION_CHARACTER_SET_APPLICABILITY` VALUES('utf8_czech_ci', 'utf8');
INSERT INTO `COLLATION_CHARACTER_SET_APPLICABILITY` VALUES('utf8_danish_ci', 'utf8');
INSERT INTO `COLLATION_CHARACTER_SET_APPLICABILITY` VALUES('utf8_lithuanian_ci', 'utf8');
INSERT INTO `COLLATION_CHARACTER_SET_APPLICABILITY` VALUES('utf8_slovak_ci', 'utf8');
INSERT INTO `COLLATION_CHARACTER_SET_APPLICABILITY` VALUES('utf8_spanish2_ci', 'utf8');
INSERT INTO `COLLATION_CHARACTER_SET_APPLICABILITY` VALUES('utf8_roman_ci', 'utf8');
INSERT INTO `COLLATION_CHARACTER_SET_APPLICABILITY` VALUES('utf8_persian_ci', 'utf8');
INSERT INTO `COLLATION_CHARACTER_SET_APPLICABILITY` VALUES('utf8_esperanto_ci', 'utf8');
INSERT INTO `COLLATION_CHARACTER_SET_APPLICABILITY` VALUES('utf8_hungarian_ci', 'utf8');
INSERT INTO `COLLATION_CHARACTER_SET_APPLICABILITY` VALUES('ucs2_general_ci', 'ucs2');
INSERT INTO `COLLATION_CHARACTER_SET_APPLICABILITY` VALUES('ucs2_bin', 'ucs2');
INSERT INTO `COLLATION_CHARACTER_SET_APPLICABILITY` VALUES('ucs2_unicode_ci', 'ucs2');
INSERT INTO `COLLATION_CHARACTER_SET_APPLICABILITY` VALUES('ucs2_icelandic_ci', 'ucs2');
INSERT INTO `COLLATION_CHARACTER_SET_APPLICABILITY` VALUES('ucs2_latvian_ci', 'ucs2');
INSERT INTO `COLLATION_CHARACTER_SET_APPLICABILITY` VALUES('ucs2_romanian_ci', 'ucs2');
INSERT INTO `COLLATION_CHARACTER_SET_APPLICABILITY` VALUES('ucs2_slovenian_ci', 'ucs2');
INSERT INTO `COLLATION_CHARACTER_SET_APPLICABILITY` VALUES('ucs2_polish_ci', 'ucs2');
INSERT INTO `COLLATION_CHARACTER_SET_APPLICABILITY` VALUES('ucs2_estonian_ci', 'ucs2');
INSERT INTO `COLLATION_CHARACTER_SET_APPLICABILITY` VALUES('ucs2_spanish_ci', 'ucs2');
INSERT INTO `COLLATION_CHARACTER_SET_APPLICABILITY` VALUES('ucs2_swedish_ci', 'ucs2');
INSERT INTO `COLLATION_CHARACTER_SET_APPLICABILITY` VALUES('ucs2_turkish_ci', 'ucs2');
INSERT INTO `COLLATION_CHARACTER_SET_APPLICABILITY` VALUES('ucs2_czech_ci', 'ucs2');
INSERT INTO `COLLATION_CHARACTER_SET_APPLICABILITY` VALUES('ucs2_danish_ci', 'ucs2');
INSERT INTO `COLLATION_CHARACTER_SET_APPLICABILITY` VALUES('ucs2_lithuanian_ci', 'ucs2');
INSERT INTO `COLLATION_CHARACTER_SET_APPLICABILITY` VALUES('ucs2_slovak_ci', 'ucs2');
INSERT INTO `COLLATION_CHARACTER_SET_APPLICABILITY` VALUES('ucs2_spanish2_ci', 'ucs2');
INSERT INTO `COLLATION_CHARACTER_SET_APPLICABILITY` VALUES('ucs2_roman_ci', 'ucs2');
INSERT INTO `COLLATION_CHARACTER_SET_APPLICABILITY` VALUES('ucs2_persian_ci', 'ucs2');
INSERT INTO `COLLATION_CHARACTER_SET_APPLICABILITY` VALUES('ucs2_esperanto_ci', 'ucs2');
INSERT INTO `COLLATION_CHARACTER_SET_APPLICABILITY` VALUES('ucs2_hungarian_ci', 'ucs2');
INSERT INTO `COLLATION_CHARACTER_SET_APPLICABILITY` VALUES('cp866_general_ci', 'cp866');
INSERT INTO `COLLATION_CHARACTER_SET_APPLICABILITY` VALUES('cp866_bin', 'cp866');
INSERT INTO `COLLATION_CHARACTER_SET_APPLICABILITY` VALUES('keybcs2_general_ci', 'keybcs2');
INSERT INTO `COLLATION_CHARACTER_SET_APPLICABILITY` VALUES('keybcs2_bin', 'keybcs2');
INSERT INTO `COLLATION_CHARACTER_SET_APPLICABILITY` VALUES('macce_general_ci', 'macce');
INSERT INTO `COLLATION_CHARACTER_SET_APPLICABILITY` VALUES('macce_bin', 'macce');
INSERT INTO `COLLATION_CHARACTER_SET_APPLICABILITY` VALUES('macroman_general_ci', 'macroman');
INSERT INTO `COLLATION_CHARACTER_SET_APPLICABILITY` VALUES('macroman_bin', 'macroman');
INSERT INTO `COLLATION_CHARACTER_SET_APPLICABILITY` VALUES('cp852_general_ci', 'cp852');
INSERT INTO `COLLATION_CHARACTER_SET_APPLICABILITY` VALUES('cp852_bin', 'cp852');
INSERT INTO `COLLATION_CHARACTER_SET_APPLICABILITY` VALUES('latin7_estonian_cs', 'latin7');
INSERT INTO `COLLATION_CHARACTER_SET_APPLICABILITY` VALUES('latin7_general_ci', 'latin7');
INSERT INTO `COLLATION_CHARACTER_SET_APPLICABILITY` VALUES('latin7_general_cs', 'latin7');
INSERT INTO `COLLATION_CHARACTER_SET_APPLICABILITY` VALUES('latin7_bin', 'latin7');
INSERT INTO `COLLATION_CHARACTER_SET_APPLICABILITY` VALUES('cp1251_bulgarian_ci', 'cp1251');
INSERT INTO `COLLATION_CHARACTER_SET_APPLICABILITY` VALUES('cp1251_ukrainian_ci', 'cp1251');
INSERT INTO `COLLATION_CHARACTER_SET_APPLICABILITY` VALUES('cp1251_bin', 'cp1251');
INSERT INTO `COLLATION_CHARACTER_SET_APPLICABILITY` VALUES('cp1251_general_ci', 'cp1251');
INSERT INTO `COLLATION_CHARACTER_SET_APPLICABILITY` VALUES('cp1251_general_cs', 'cp1251');
INSERT INTO `COLLATION_CHARACTER_SET_APPLICABILITY` VALUES('cp1256_general_ci', 'cp1256');
INSERT INTO `COLLATION_CHARACTER_SET_APPLICABILITY` VALUES('cp1256_bin', 'cp1256');
INSERT INTO `COLLATION_CHARACTER_SET_APPLICABILITY` VALUES('cp1257_lithuanian_ci', 'cp1257');
INSERT INTO `COLLATION_CHARACTER_SET_APPLICABILITY` VALUES('cp1257_bin', 'cp1257');
INSERT INTO `COLLATION_CHARACTER_SET_APPLICABILITY` VALUES('cp1257_general_ci', 'cp1257');
INSERT INTO `COLLATION_CHARACTER_SET_APPLICABILITY` VALUES('binary', 'binary');
INSERT INTO `COLLATION_CHARACTER_SET_APPLICABILITY` VALUES('geostd8_general_ci', 'geostd8');
INSERT INTO `COLLATION_CHARACTER_SET_APPLICABILITY` VALUES('geostd8_bin', 'geostd8');
INSERT INTO `COLLATION_CHARACTER_SET_APPLICABILITY` VALUES('cp932_japanese_ci', 'cp932');
INSERT INTO `COLLATION_CHARACTER_SET_APPLICABILITY` VALUES('cp932_bin', 'cp932');
INSERT INTO `COLLATION_CHARACTER_SET_APPLICABILITY` VALUES('eucjpms_japanese_ci', 'eucjpms');
INSERT INTO `COLLATION_CHARACTER_SET_APPLICABILITY` VALUES('eucjpms_bin', 'eucjpms');

-- --------------------------------------------------------

--
-- Table structure for table `COLUMNS`
--

CREATE TEMPORARY TABLE `COLUMNS` (
  `TABLE_CATALOG` varchar(512) default NULL,
  `TABLE_SCHEMA` varchar(64) NOT NULL default '',
  `TABLE_NAME` varchar(64) NOT NULL default '',
  `COLUMN_NAME` varchar(64) NOT NULL default '',
  `ORDINAL_POSITION` bigint(21) NOT NULL default '0',
  `COLUMN_DEFAULT` longtext,
  `IS_NULLABLE` varchar(3) NOT NULL default '',
  `DATA_TYPE` varchar(64) NOT NULL default '',
  `CHARACTER_MAXIMUM_LENGTH` bigint(21) default NULL,
  `CHARACTER_OCTET_LENGTH` bigint(21) default NULL,
  `NUMERIC_PRECISION` bigint(21) default NULL,
  `NUMERIC_SCALE` bigint(21) default NULL,
  `CHARACTER_SET_NAME` varchar(64) default NULL,
  `COLLATION_NAME` varchar(64) default NULL,
  `COLUMN_TYPE` longtext NOT NULL,
  `COLUMN_KEY` varchar(3) NOT NULL default '',
  `EXTRA` varchar(20) NOT NULL default '',
  `PRIVILEGES` varchar(80) NOT NULL default '',
  `COLUMN_COMMENT` varchar(255) NOT NULL default ''
) ENGINE=MyISAM DEFAULT CHARSET=utf8;

--
-- Dumping data for table `COLUMNS`
--

INSERT INTO `COLUMNS` VALUES(NULL, 'information_schema', 'CHARACTER_SETS', 'CHARACTER_SET_NAME', 1, '', 'NO', 'varchar', 64, 192, NULL, NULL, 'utf8', 'utf8_general_ci', 'varchar(64)', '', '', 'select', '');
INSERT INTO `COLUMNS` VALUES(NULL, 'information_schema', 'CHARACTER_SETS', 'DEFAULT_COLLATE_NAME', 2, '', 'NO', 'varchar', 64, 192, NULL, NULL, 'utf8', 'utf8_general_ci', 'varchar(64)', '', '', 'select', '');
INSERT INTO `COLUMNS` VALUES(NULL, 'information_schema', 'CHARACTER_SETS', 'DESCRIPTION', 3, '', 'NO', 'varchar', 60, 180, NULL, NULL, 'utf8', 'utf8_general_ci', 'varchar(60)', '', '', 'select', '');
INSERT INTO `COLUMNS` VALUES(NULL, 'information_schema', 'CHARACTER_SETS', 'MAXLEN', 4, '0', 'NO', 'bigint', NULL, NULL, 19, 0, NULL, NULL, 'bigint(3)', '', '', 'select', '');
INSERT INTO `COLUMNS` VALUES(NULL, 'information_schema', 'CLIENT_STATISTICS', 'CLIENT', 1, '', 'NO', 'varchar', 64, 192, NULL, NULL, 'utf8', 'utf8_general_ci', 'varchar(64)', '', '', 'select', '');
INSERT INTO `COLUMNS` VALUES(NULL, 'information_schema', 'CLIENT_STATISTICS', 'TOTAL_CONNECTIONS', 2, '0', 'NO', 'bigint', NULL, NULL, 19, 0, NULL, NULL, 'bigint(21)', '', '', 'select', '');
INSERT INTO `COLUMNS` VALUES(NULL, 'information_schema', 'CLIENT_STATISTICS', 'CONCURRENT_CONNECTIONS', 3, '0', 'NO', 'bigint', NULL, NULL, 19, 0, NULL, NULL, 'bigint(21)', '', '', 'select', '');
INSERT INTO `COLUMNS` VALUES(NULL, 'information_schema', 'CLIENT_STATISTICS', 'CONNECTED_TIME', 4, '0', 'NO', 'bigint', NULL, NULL, 19, 0, NULL, NULL, 'bigint(21)', '', '', 'select', '');
INSERT INTO `COLUMNS` VALUES(NULL, 'information_schema', 'CLIENT_STATISTICS', 'BUSY_TIME', 5, '0', 'NO', 'bigint', NULL, NULL, 19, 0, NULL, NULL, 'bigint(21)', '', '', 'select', '');
INSERT INTO `COLUMNS` VALUES(NULL, 'information_schema', 'CLIENT_STATISTICS', 'CPU_TIME', 6, '0', 'NO', 'bigint', NULL, NULL, 19, 0, NULL, NULL, 'bigint(21)', '', '', 'select', '');
INSERT INTO `COLUMNS` VALUES(NULL, 'information_schema', 'CLIENT_STATISTICS', 'BYTES_RECEIVED', 7, '0', 'NO', 'bigint', NULL, NULL, 19, 0, NULL, NULL, 'bigint(21)', '', '', 'select', '');
INSERT INTO `COLUMNS` VALUES(NULL, 'information_schema', 'CLIENT_STATISTICS', 'BYTES_SENT', 8, '0', 'NO', 'bigint', NULL, NULL, 19, 0, NULL, NULL, 'bigint(21)', '', '', 'select', '');
INSERT INTO `COLUMNS` VALUES(NULL, 'information_schema', 'CLIENT_STATISTICS', 'BINLOG_BYTES_WRITTEN', 9, '0', 'NO', 'bigint', NULL, NULL, 19, 0, NULL, NULL, 'bigint(21)', '', '', 'select', '');
INSERT INTO `COLUMNS` VALUES(NULL, 'information_schema', 'CLIENT_STATISTICS', 'ROWS_FETCHED', 10, '0', 'NO', 'bigint', NULL, NULL, 19, 0, NULL, NULL, 'bigint(21)', '', '', 'select', '');
INSERT INTO `COLUMNS` VALUES(NULL, 'information_schema', 'CLIENT_STATISTICS', 'ROWS_UPDATED', 11, '0', 'NO', 'bigint', NULL, NULL, 19, 0, NULL, NULL, 'bigint(21)', '', '', 'select', '');
INSERT INTO `COLUMNS` VALUES(NULL, 'information_schema', 'CLIENT_STATISTICS', 'TABLE_ROWS_READ', 12, '0', 'NO', 'bigint', NULL, NULL, 19, 0, NULL, NULL, 'bigint(21)', '', '', 'select', '');
INSERT INTO `COLUMNS` VALUES(NULL, 'information_schema', 'CLIENT_STATISTICS', 'SELECT_COMMANDS', 13, '0', 'NO', 'bigint', NULL, NULL, 19, 0, NULL, NULL, 'bigint(21)', '', '', 'select', '');
INSERT INTO `COLUMNS` VALUES(NULL, 'information_schema', 'CLIENT_STATISTICS', 'UPDATE_COMMANDS', 14, '0', 'NO', 'bigint', NULL, NULL, 19, 0, NULL, NULL, 'bigint(21)', '', '', 'select', '');
INSERT INTO `COLUMNS` VALUES(NULL, 'information_schema', 'CLIENT_STATISTICS', 'OTHER_COMMANDS', 15, '0', 'NO', 'bigint', NULL, NULL, 19, 0, NULL, NULL, 'bigint(21)', '', '', 'select', '');
INSERT INTO `COLUMNS` VALUES(NULL, 'information_schema', 'CLIENT_STATISTICS', 'COMMIT_TRANSACTIONS', 16, '0', 'NO', 'bigint', NULL, NULL, 19, 0, NULL, NULL, 'bigint(21)', '', '', 'select', '');
INSERT INTO `COLUMNS` VALUES(NULL, 'information_schema', 'CLIENT_STATISTICS', 'ROLLBACK_TRANSACTIONS', 17, '0', 'NO', 'bigint', NULL, NULL, 19, 0, NULL, NULL, 'bigint(21)', '', '', 'select', '');
INSERT INTO `COLUMNS` VALUES(NULL, 'information_schema', 'CLIENT_STATISTICS', 'DENIED_CONNECTIONS', 18, '0', 'NO', 'bigint', NULL, NULL, 19, 0, NULL, NULL, 'bigint(21)', '', '', 'select', '');
INSERT INTO `COLUMNS` VALUES(NULL, 'information_schema', 'CLIENT_STATISTICS', 'LOST_CONNECTIONS', 19, '0', 'NO', 'bigint', NULL, NULL, 19, 0, NULL, NULL, 'bigint(21)', '', '', 'select', '');
INSERT INTO `COLUMNS` VALUES(NULL, 'information_schema', 'CLIENT_STATISTICS', 'ACCESS_DENIED', 20, '0', 'NO', 'bigint', NULL, NULL, 19, 0, NULL, NULL, 'bigint(21)', '', '', 'select', '');
INSERT INTO `COLUMNS` VALUES(NULL, 'information_schema', 'CLIENT_STATISTICS', 'EMPTY_QUERIES', 21, '0', 'NO', 'bigint', NULL, NULL, 19, 0, NULL, NULL, 'bigint(21)', '', '', 'select', '');
INSERT INTO `COLUMNS` VALUES(NULL, 'information_schema', 'COLLATIONS', 'COLLATION_NAME', 1, '', 'NO', 'varchar', 64, 192, NULL, NULL, 'utf8', 'utf8_general_ci', 'varchar(64)', '', '', 'select', '');
INSERT INTO `COLUMNS` VALUES(NULL, 'information_schema', 'COLLATIONS', 'CHARACTER_SET_NAME', 2, '', 'NO', 'varchar', 64, 192, NULL, NULL, 'utf8', 'utf8_general_ci', 'varchar(64)', '', '', 'select', '');
INSERT INTO `COLUMNS` VALUES(NULL, 'information_schema', 'COLLATIONS', 'ID', 3, '0', 'NO', 'bigint', NULL, NULL, 19, 0, NULL, NULL, 'bigint(11)', '', '', 'select', '');
INSERT INTO `COLUMNS` VALUES(NULL, 'information_schema', 'COLLATIONS', 'IS_DEFAULT', 4, '', 'NO', 'varchar', 3, 9, NULL, NULL, 'utf8', 'utf8_general_ci', 'varchar(3)', '', '', 'select', '');
INSERT INTO `COLUMNS` VALUES(NULL, 'information_schema', 'COLLATIONS', 'IS_COMPILED', 5, '', 'NO', 'varchar', 3, 9, NULL, NULL, 'utf8', 'utf8_general_ci', 'varchar(3)', '', '', 'select', '');
INSERT INTO `COLUMNS` VALUES(NULL, 'information_schema', 'COLLATIONS', 'SORTLEN', 6, '0', 'NO', 'bigint', NULL, NULL, 19, 0, NULL, NULL, 'bigint(3)', '', '', 'select', '');
INSERT INTO `COLUMNS` VALUES(NULL, 'information_schema', 'COLLATION_CHARACTER_SET_APPLICABILITY', 'COLLATION_NAME', 1, '', 'NO', 'varchar', 64, 192, NULL, NULL, 'utf8', 'utf8_general_ci', 'varchar(64)', '', '', 'select', '');
INSERT INTO `COLUMNS` VALUES(NULL, 'information_schema', 'COLLATION_CHARACTER_SET_APPLICABILITY', 'CHARACTER_SET_NAME', 2, '', 'NO', 'varchar', 64, 192, NULL, NULL, 'utf8', 'utf8_general_ci', 'varchar(64)', '', '', 'select', '');
INSERT INTO `COLUMNS` VALUES(NULL, 'information_schema', 'COLUMNS', 'TABLE_CATALOG', 1, NULL, 'YES', 'varchar', 512, 1536, NULL, NULL, 'utf8', 'utf8_general_ci', 'varchar(512)', '', '', 'select', '');
INSERT INTO `COLUMNS` VALUES(NULL, 'information_schema', 'COLUMNS', 'TABLE_SCHEMA', 2, '', 'NO', 'varchar', 64, 192, NULL, NULL, 'utf8', 'utf8_general_ci', 'varchar(64)', '', '', 'select', '');
INSERT INTO `COLUMNS` VALUES(NULL, 'information_schema', 'COLUMNS', 'TABLE_NAME', 3, '', 'NO', 'varchar', 64, 192, NULL, NULL, 'utf8', 'utf8_general_ci', 'varchar(64)', '', '', 'select', '');
INSERT INTO `COLUMNS` VALUES(NULL, 'information_schema', 'COLUMNS', 'COLUMN_NAME', 4, '', 'NO', 'varchar', 64, 192, NULL, NULL, 'utf8', 'utf8_general_ci', 'varchar(64)', '', '', 'select', '');
INSERT INTO `COLUMNS` VALUES(NULL, 'information_schema', 'COLUMNS', 'ORDINAL_POSITION', 5, '0', 'NO', 'bigint', NULL, NULL, 19, 0, NULL, NULL, 'bigint(21)', '', '', 'select', '');
INSERT INTO `COLUMNS` VALUES(NULL, 'information_schema', 'COLUMNS', 'COLUMN_DEFAULT', 6, NULL, 'YES', 'longtext', 4294967295, 4294967295, NULL, NULL, 'utf8', 'utf8_general_ci', 'longtext', '', '', 'select', '');
INSERT INTO `COLUMNS` VALUES(NULL, 'information_schema', 'COLUMNS', 'IS_NULLABLE', 7, '', 'NO', 'varchar', 3, 9, NULL, NULL, 'utf8', 'utf8_general_ci', 'varchar(3)', '', '', 'select', '');
INSERT INTO `COLUMNS` VALUES(NULL, 'information_schema', 'COLUMNS', 'DATA_TYPE', 8, '', 'NO', 'varchar', 64, 192, NULL, NULL, 'utf8', 'utf8_general_ci', 'varchar(64)', '', '', 'select', '');
INSERT INTO `COLUMNS` VALUES(NULL, 'information_schema', 'COLUMNS', 'CHARACTER_MAXIMUM_LENGTH', 9, NULL, 'YES', 'bigint', NULL, NULL, 19, 0, NULL, NULL, 'bigint(21)', '', '', 'select', '');
INSERT INTO `COLUMNS` VALUES(NULL, 'information_schema', 'COLUMNS', 'CHARACTER_OCTET_LENGTH', 10, NULL, 'YES', 'bigint', NULL, NULL, 19, 0, NULL, NULL, 'bigint(21)', '', '', 'select', '');
INSERT INTO `COLUMNS` VALUES(NULL, 'information_schema', 'COLUMNS', 'NUMERIC_PRECISION', 11, NULL, 'YES', 'bigint', NULL, NULL, 19, 0, NULL, NULL, 'bigint(21)', '', '', 'select', '');
INSERT INTO `COLUMNS` VALUES(NULL, 'information_schema', 'COLUMNS', 'NUMERIC_SCALE', 12, NULL, 'YES', 'bigint', NULL, NULL, 19, 0, NULL, NULL, 'bigint(21)', '', '', 'select', '');
INSERT INTO `COLUMNS` VALUES(NULL, 'information_schema', 'COLUMNS', 'CHARACTER_SET_NAME', 13, NULL, 'YES', 'varchar', 64, 192, NULL, NULL, 'utf8', 'utf8_general_ci', 'varchar(64)', '', '', 'select', '');
INSERT INTO `COLUMNS` VALUES(NULL, 'information_schema', 'COLUMNS', 'COLLATION_NAME', 14, NULL, 'YES', 'varchar', 64, 192, NULL, NULL, 'utf8', 'utf8_general_ci', 'varchar(64)', '', '', 'select', '');
INSERT INTO `COLUMNS` VALUES(NULL, 'information_schema', 'COLUMNS', 'COLUMN_TYPE', 15, NULL, 'NO', 'longtext', 4294967295, 4294967295, NULL, NULL, 'utf8', 'utf8_general_ci', 'longtext', '', '', 'select', '');
INSERT INTO `COLUMNS` VALUES(NULL, 'information_schema', 'COLUMNS', 'COLUMN_KEY', 16, '', 'NO', 'varchar', 3, 9, NULL, NULL, 'utf8', 'utf8_general_ci', 'varchar(3)', '', '', 'select', '');
INSERT INTO `COLUMNS` VALUES(NULL, 'information_schema', 'COLUMNS', 'EXTRA', 17, '', 'NO', 'varchar', 20, 60, NULL, NULL, 'utf8', 'utf8_general_ci', 'varchar(20)', '', '', 'select', '');
INSERT INTO `COLUMNS` VALUES(NULL, 'information_schema', 'COLUMNS', 'PRIVILEGES', 18, '', 'NO', 'varchar', 80, 240, NULL, NULL, 'utf8', 'utf8_general_ci', 'varchar(80)', '', '', 'select', '');
INSERT INTO `COLUMNS` VALUES(NULL, 'information_schema', 'COLUMNS', 'COLUMN_COMMENT', 19, '', 'NO', 'varchar', 255, 765, NULL, NULL, 'utf8', 'utf8_general_ci', 'varchar(255)', '', '', 'select', '');
INSERT INTO `COLUMNS` VALUES(NULL, 'information_schema', 'COLUMN_PRIVILEGES', 'GRANTEE', 1, '', 'NO', 'varchar', 81, 243, NULL, NULL, 'utf8', 'utf8_general_ci', 'varchar(81)', '', '', 'select', '');
INSERT INTO `COLUMNS` VALUES(NULL, 'information_schema', 'COLUMN_PRIVILEGES', 'TABLE_CATALOG', 2, NULL, 'YES', 'varchar', 512, 1536, NULL, NULL, 'utf8', 'utf8_general_ci', 'varchar(512)', '', '', 'select', '');
INSERT INTO `COLUMNS` VALUES(NULL, 'information_schema', 'COLUMN_PRIVILEGES', 'TABLE_SCHEMA', 3, '', 'NO', 'varchar', 64, 192, NULL, NULL, 'utf8', 'utf8_general_ci', 'varchar(64)', '', '', 'select', '');
INSERT INTO `COLUMNS` VALUES(NULL, 'information_schema', 'COLUMN_PRIVILEGES', 'TABLE_NAME', 4, '', 'NO', 'varchar', 64, 192, NULL, NULL, 'utf8', 'utf8_general_ci', 'varchar(64)', '', '', 'select', '');
INSERT INTO `COLUMNS` VALUES(NULL, 'information_schema', 'COLUMN_PRIVILEGES', 'COLUMN_NAME', 5, '', 'NO', 'varchar', 64, 192, NULL, NULL, 'utf8', 'utf8_general_ci', 'varchar(64)', '', '', 'select', '');
INSERT INTO `COLUMNS` VALUES(NULL, 'information_schema', 'COLUMN_PRIVILEGES', 'PRIVILEGE_TYPE', 6, '', 'NO', 'varchar', 64, 192, NULL, NULL, 'utf8', 'utf8_general_ci', 'varchar(64)', '', '', 'select', '');
INSERT INTO `COLUMNS` VALUES(NULL, 'information_schema', 'COLUMN_PRIVILEGES', 'IS_GRANTABLE', 7, '', 'NO', 'varchar', 3, 9, NULL, NULL, 'utf8', 'utf8_general_ci', 'varchar(3)', '', '', 'select', '');
INSERT INTO `COLUMNS` VALUES(NULL, 'information_schema', 'INNODB_BUFFER_POOL_CONTENT', 'BLOCK_NUM', 1, '0', 'NO', 'bigint', NULL, NULL, 19, 0, NULL, NULL, 'bigint(21)', '', '', 'select', '');
INSERT INTO `COLUMNS` VALUES(NULL, 'information_schema', 'INNODB_BUFFER_POOL_CONTENT', 'SPACE', 2, '0', 'NO', 'bigint', NULL, NULL, 19, 0, NULL, NULL, 'bigint(21)', '', '', 'select', '');
INSERT INTO `COLUMNS` VALUES(NULL, 'information_schema', 'INNODB_BUFFER_POOL_CONTENT', 'OFFSET', 3, '0', 'NO', 'bigint', NULL, NULL, 19, 0, NULL, NULL, 'bigint(21)', '', '', 'select', '');
INSERT INTO `COLUMNS` VALUES(NULL, 'information_schema', 'INNODB_BUFFER_POOL_CONTENT', 'RECORDS', 4, '0', 'NO', 'bigint', NULL, NULL, 19, 0, NULL, NULL, 'bigint(21)', '', '', 'select', '');
INSERT INTO `COLUMNS` VALUES(NULL, 'information_schema', 'INNODB_BUFFER_POOL_CONTENT', 'DATASIZE', 5, '0', 'NO', 'bigint', NULL, NULL, 19, 0, NULL, NULL, 'bigint(21)', '', '', 'select', '');
INSERT INTO `COLUMNS` VALUES(NULL, 'information_schema', 'INNODB_BUFFER_POOL_CONTENT', 'FLUSH_TYPE', 6, '0', 'NO', 'bigint', NULL, NULL, 19, 0, NULL, NULL, 'bigint(21)', '', '', 'select', '');
INSERT INTO `COLUMNS` VALUES(NULL, 'information_schema', 'INNODB_BUFFER_POOL_CONTENT', 'FIX_COUNT', 7, '0', 'NO', 'bigint', NULL, NULL, 19, 0, NULL, NULL, 'bigint(21)', '', '', 'select', '');
INSERT INTO `COLUMNS` VALUES(NULL, 'information_schema', 'INNODB_BUFFER_POOL_CONTENT', 'LRU_POSITION', 8, '0', 'NO', 'bigint', NULL, NULL, 19, 0, NULL, NULL, 'bigint(21)', '', '', 'select', '');
INSERT INTO `COLUMNS` VALUES(NULL, 'information_schema', 'INNODB_BUFFER_POOL_CONTENT', 'PAGE_TYPE_ID', 9, '0', 'NO', 'bigint', NULL, NULL, 19, 0, NULL, NULL, 'bigint(21)', '', '', 'select', '');
INSERT INTO `COLUMNS` VALUES(NULL, 'information_schema', 'INNODB_BUFFER_POOL_CONTENT', 'PAGE_TYPE', 10, '', 'NO', 'varchar', 64, 192, NULL, NULL, 'utf8', 'utf8_general_ci', 'varchar(64)', '', '', 'select', '');
INSERT INTO `COLUMNS` VALUES(NULL, 'information_schema', 'INNODB_BUFFER_POOL_CONTENT', 'INDEX_NAME', 11, '', 'NO', 'varchar', 64, 192, NULL, NULL, 'utf8', 'utf8_general_ci', 'varchar(64)', '', '', 'select', '');
INSERT INTO `COLUMNS` VALUES(NULL, 'information_schema', 'INNODB_BUFFER_POOL_CONTENT', 'TABLE_SCHEMA', 12, '', 'NO', 'varchar', 64, 192, NULL, NULL, 'utf8', 'utf8_general_ci', 'varchar(64)', '', '', 'select', '');
INSERT INTO `COLUMNS` VALUES(NULL, 'information_schema', 'INNODB_BUFFER_POOL_CONTENT', 'TABLE_NAME', 13, '', 'NO', 'varchar', 64, 192, NULL, NULL, 'utf8', 'utf8_general_ci', 'varchar(64)', '', '', 'select', '');
INSERT INTO `COLUMNS` VALUES(NULL, 'information_schema', 'INDEX_STATISTICS', 'TABLE_SCHEMA', 1, '', 'NO', 'varchar', 64, 192, NULL, NULL, 'utf8', 'utf8_general_ci', 'varchar(64)', '', '', 'select', '');
INSERT INTO `COLUMNS` VALUES(NULL, 'information_schema', 'INDEX_STATISTICS', 'TABLE_NAME', 2, '', 'NO', 'varchar', 64, 192, NULL, NULL, 'utf8', 'utf8_general_ci', 'varchar(64)', '', '', 'select', '');
INSERT INTO `COLUMNS` VALUES(NULL, 'information_schema', 'INDEX_STATISTICS', 'INDEX_NAME', 3, '', 'NO', 'varchar', 64, 192, NULL, NULL, 'utf8', 'utf8_general_ci', 'varchar(64)', '', '', 'select', '');
INSERT INTO `COLUMNS` VALUES(NULL, 'information_schema', 'INDEX_STATISTICS', 'ROWS_READ', 4, '0', 'NO', 'bigint', NULL, NULL, 19, 0, NULL, NULL, 'bigint(21)', '', '', 'select', '');
INSERT INTO `COLUMNS` VALUES(NULL, 'information_schema', 'KEY_COLUMN_USAGE', 'CONSTRAINT_CATALOG', 1, NULL, 'YES', 'varchar', 512, 1536, NULL, NULL, 'utf8', 'utf8_general_ci', 'varchar(512)', '', '', 'select', '');
INSERT INTO `COLUMNS` VALUES(NULL, 'information_schema', 'KEY_COLUMN_USAGE', 'CONSTRAINT_SCHEMA', 2, '', 'NO', 'varchar', 64, 192, NULL, NULL, 'utf8', 'utf8_general_ci', 'varchar(64)', '', '', 'select', '');
INSERT INTO `COLUMNS` VALUES(NULL, 'information_schema', 'KEY_COLUMN_USAGE', 'CONSTRAINT_NAME', 3, '', 'NO', 'varchar', 64, 192, NULL, NULL, 'utf8', 'utf8_general_ci', 'varchar(64)', '', '', 'select', '');
INSERT INTO `COLUMNS` VALUES(NULL, 'information_schema', 'KEY_COLUMN_USAGE', 'TABLE_CATALOG', 4, NULL, 'YES', 'varchar', 512, 1536, NULL, NULL, 'utf8', 'utf8_general_ci', 'varchar(512)', '', '', 'select', '');
INSERT INTO `COLUMNS` VALUES(NULL, 'information_schema', 'KEY_COLUMN_USAGE', 'TABLE_SCHEMA', 5, '', 'NO', 'varchar', 64, 192, NULL, NULL, 'utf8', 'utf8_general_ci', 'varchar(64)', '', '', 'select', '');
INSERT INTO `COLUMNS` VALUES(NULL, 'information_schema', 'KEY_COLUMN_USAGE', 'TABLE_NAME', 6, '', 'NO', 'varchar', 64, 192, NULL, NULL, 'utf8', 'utf8_general_ci', 'varchar(64)', '', '', 'select', '');
INSERT INTO `COLUMNS` VALUES(NULL, 'information_schema', 'KEY_COLUMN_USAGE', 'COLUMN_NAME', 7, '', 'NO', 'varchar', 64, 192, NULL, NULL, 'utf8', 'utf8_general_ci', 'varchar(64)', '', '', 'select', '');
INSERT INTO `COLUMNS` VALUES(NULL, 'information_schema', 'KEY_COLUMN_USAGE', 'ORDINAL_POSITION', 8, '0', 'NO', 'bigint', NULL, NULL, 19, 0, NULL, NULL, 'bigint(10)', '', '', 'select', '');
INSERT INTO `COLUMNS` VALUES(NULL, 'information_schema', 'KEY_COLUMN_USAGE', 'POSITION_IN_UNIQUE_CONSTRAINT', 9, NULL, 'YES', 'bigint', NULL, NULL, 19, 0, NULL, NULL, 'bigint(10)', '', '', 'select', '');
INSERT INTO `COLUMNS` VALUES(NULL, 'information_schema', 'KEY_COLUMN_USAGE', 'REFERENCED_TABLE_SCHEMA', 10, NULL, 'YES', 'varchar', 64, 192, NULL, NULL, 'utf8', 'utf8_general_ci', 'varchar(64)', '', '', 'select', '');
INSERT INTO `COLUMNS` VALUES(NULL, 'information_schema', 'KEY_COLUMN_USAGE', 'REFERENCED_TABLE_NAME', 11, NULL, 'YES', 'varchar', 64, 192, NULL, NULL, 'utf8', 'utf8_general_ci', 'varchar(64)', '', '', 'select', '');
INSERT INTO `COLUMNS` VALUES(NULL, 'information_schema', 'KEY_COLUMN_USAGE', 'REFERENCED_COLUMN_NAME', 12, NULL, 'YES', 'varchar', 64, 192, NULL, NULL, 'utf8', 'utf8_general_ci', 'varchar(64)', '', '', 'select', '');
INSERT INTO `COLUMNS` VALUES(NULL, 'information_schema', 'PROCESSLIST', 'ID', 1, '0', 'NO', 'bigint', NULL, NULL, 19, 0, NULL, NULL, 'bigint(4)', '', '', 'select', '');
INSERT INTO `COLUMNS` VALUES(NULL, 'information_schema', 'PROCESSLIST', 'USER', 2, '', 'NO', 'varchar', 16, 48, NULL, NULL, 'utf8', 'utf8_general_ci', 'varchar(16)', '', '', 'select', '');
INSERT INTO `COLUMNS` VALUES(NULL, 'information_schema', 'PROCESSLIST', 'HOST', 3, '', 'NO', 'varchar', 64, 192, NULL, NULL, 'utf8', 'utf8_general_ci', 'varchar(64)', '', '', 'select', '');
INSERT INTO `COLUMNS` VALUES(NULL, 'information_schema', 'PROCESSLIST', 'DB', 4, NULL, 'YES', 'varchar', 64, 192, NULL, NULL, 'utf8', 'utf8_general_ci', 'varchar(64)', '', '', 'select', '');
INSERT INTO `COLUMNS` VALUES(NULL, 'information_schema', 'PROCESSLIST', 'COMMAND', 5, '', 'NO', 'varchar', 16, 48, NULL, NULL, 'utf8', 'utf8_general_ci', 'varchar(16)', '', '', 'select', '');
INSERT INTO `COLUMNS` VALUES(NULL, 'information_schema', 'PROCESSLIST', 'TIME', 6, '0', 'NO', 'bigint', NULL, NULL, 19, 0, NULL, NULL, 'bigint(7)', '', '', 'select', '');
INSERT INTO `COLUMNS` VALUES(NULL, 'information_schema', 'PROCESSLIST', 'STATE', 7, NULL, 'YES', 'varchar', 64, 192, NULL, NULL, 'utf8', 'utf8_general_ci', 'varchar(64)', '', '', 'select', '');
INSERT INTO `COLUMNS` VALUES(NULL, 'information_schema', 'PROCESSLIST', 'INFO', 8, NULL, 'YES', 'longtext', 4294967295, 4294967295, NULL, NULL, 'utf8', 'utf8_general_ci', 'longtext', '', '', 'select', '');
INSERT INTO `COLUMNS` VALUES(NULL, 'information_schema', 'PROCESSLIST', 'TIME_MS', 9, '0.000', 'NO', 'decimal', NULL, NULL, 22, 3, NULL, NULL, 'decimal(22,3)', '', '', 'select', '');
INSERT INTO `COLUMNS` VALUES(NULL, 'information_schema', 'PROFILING', 'QUERY_ID', 1, '0', 'NO', 'bigint', NULL, NULL, 19, 0, NULL, NULL, 'bigint(20)', '', '', 'select', '');
INSERT INTO `COLUMNS` VALUES(NULL, 'information_schema', 'PROFILING', 'SEQ', 2, '0', 'NO', 'bigint', NULL, NULL, 19, 0, NULL, NULL, 'bigint(20)', '', '', 'select', '');
INSERT INTO `COLUMNS` VALUES(NULL, 'information_schema', 'PROFILING', 'STATE', 3, '', 'NO', 'varchar', 30, 90, NULL, NULL, 'utf8', 'utf8_general_ci', 'varchar(30)', '', '', 'select', '');
INSERT INTO `COLUMNS` VALUES(NULL, 'information_schema', 'PROFILING', 'DURATION', 4, '0.000000', 'NO', 'decimal', NULL, NULL, 9, 6, NULL, NULL, 'decimal(9,6)', '', '', 'select', '');
INSERT INTO `COLUMNS` VALUES(NULL, 'information_schema', 'PROFILING', 'CPU_USER', 5, NULL, 'YES', 'decimal', NULL, NULL, 9, 6, NULL, NULL, 'decimal(9,6)', '', '', 'select', '');
INSERT INTO `COLUMNS` VALUES(NULL, 'information_schema', 'PROFILING', 'CPU_SYSTEM', 6, NULL, 'YES', 'decimal', NULL, NULL, 9, 6, NULL, NULL, 'decimal(9,6)', '', '', 'select', '');
INSERT INTO `COLUMNS` VALUES(NULL, 'information_schema', 'PROFILING', 'CONTEXT_VOLUNTARY', 7, NULL, 'YES', 'bigint', NULL, NULL, 19, 0, NULL, NULL, 'bigint(20)', '', '', 'select', '');
INSERT INTO `COLUMNS` VALUES(NULL, 'information_schema', 'PROFILING', 'CONTEXT_INVOLUNTARY', 8, NULL, 'YES', 'bigint', NULL, NULL, 19, 0, NULL, NULL, 'bigint(20)', '', '', 'select', '');
INSERT INTO `COLUMNS` VALUES(NULL, 'information_schema', 'PROFILING', 'BLOCK_OPS_IN', 9, NULL, 'YES', 'bigint', NULL, NULL, 19, 0, NULL, NULL, 'bigint(20)', '', '', 'select', '');
INSERT INTO `COLUMNS` VALUES(NULL, 'information_schema', 'PROFILING', 'BLOCK_OPS_OUT', 10, NULL, 'YES', 'bigint', NULL, NULL, 19, 0, NULL, NULL, 'bigint(20)', '', '', 'select', '');
INSERT INTO `COLUMNS` VALUES(NULL, 'information_schema', 'PROFILING', 'MESSAGES_SENT', 11, NULL, 'YES', 'bigint', NULL, NULL, 19, 0, NULL, NULL, 'bigint(20)', '', '', 'select', '');
INSERT INTO `COLUMNS` VALUES(NULL, 'information_schema', 'PROFILING', 'MESSAGES_RECEIVED', 12, NULL, 'YES', 'bigint', NULL, NULL, 19, 0, NULL, NULL, 'bigint(20)', '', '', 'select', '');
INSERT INTO `COLUMNS` VALUES(NULL, 'information_schema', 'PROFILING', 'PAGE_FAULTS_MAJOR', 13, NULL, 'YES', 'bigint', NULL, NULL, 19, 0, NULL, NULL, 'bigint(20)', '', '', 'select', '');
INSERT INTO `COLUMNS` VALUES(NULL, 'information_schema', 'PROFILING', 'PAGE_FAULTS_MINOR', 14, NULL, 'YES', 'bigint', NULL, NULL, 19, 0, NULL, NULL, 'bigint(20)', '', '', 'select', '');
INSERT INTO `COLUMNS` VALUES(NULL, 'information_schema', 'PROFILING', 'SWAPS', 15, NULL, 'YES', 'bigint', NULL, NULL, 19, 0, NULL, NULL, 'bigint(20)', '', '', 'select', '');
INSERT INTO `COLUMNS` VALUES(NULL, 'information_schema', 'PROFILING', 'SOURCE_FUNCTION', 16, NULL, 'YES', 'varchar', 30, 90, NULL, NULL, 'utf8', 'utf8_general_ci', 'varchar(30)', '', '', 'select', '');
INSERT INTO `COLUMNS` VALUES(NULL, 'information_schema', 'PROFILING', 'SOURCE_FILE', 17, NULL, 'YES', 'varchar', 20, 60, NULL, NULL, 'utf8', 'utf8_general_ci', 'varchar(20)', '', '', 'select', '');
INSERT INTO `COLUMNS` VALUES(NULL, 'information_schema', 'PROFILING', 'SOURCE_LINE', 18, NULL, 'YES', 'bigint', NULL, NULL, 19, 0, NULL, NULL, 'bigint(20)', '', '', 'select', '');
INSERT INTO `COLUMNS` VALUES(NULL, 'information_schema', 'ROUTINES', 'SPECIFIC_NAME', 1, '', 'NO', 'varchar', 64, 192, NULL, NULL, 'utf8', 'utf8_general_ci', 'varchar(64)', '', '', 'select', '');
INSERT INTO `COLUMNS` VALUES(NULL, 'information_schema', 'ROUTINES', 'ROUTINE_CATALOG', 2, NULL, 'YES', 'varchar', 512, 1536, NULL, NULL, 'utf8', 'utf8_general_ci', 'varchar(512)', '', '', 'select', '');
INSERT INTO `COLUMNS` VALUES(NULL, 'information_schema', 'ROUTINES', 'ROUTINE_SCHEMA', 3, '', 'NO', 'varchar', 64, 192, NULL, NULL, 'utf8', 'utf8_general_ci', 'varchar(64)', '', '', 'select', '');
INSERT INTO `COLUMNS` VALUES(NULL, 'information_schema', 'ROUTINES', 'ROUTINE_NAME', 4, '', 'NO', 'varchar', 64, 192, NULL, NULL, 'utf8', 'utf8_general_ci', 'varchar(64)', '', '', 'select', '');
INSERT INTO `COLUMNS` VALUES(NULL, 'information_schema', 'ROUTINES', 'ROUTINE_TYPE', 5, '', 'NO', 'varchar', 9, 27, NULL, NULL, 'utf8', 'utf8_general_ci', 'varchar(9)', '', '', 'select', '');
INSERT INTO `COLUMNS` VALUES(NULL, 'information_schema', 'ROUTINES', 'DTD_IDENTIFIER', 6, NULL, 'YES', 'varchar', 64, 192, NULL, NULL, 'utf8', 'utf8_general_ci', 'varchar(64)', '', '', 'select', '');
INSERT INTO `COLUMNS` VALUES(NULL, 'information_schema', 'ROUTINES', 'ROUTINE_BODY', 7, '', 'NO', 'varchar', 8, 24, NULL, NULL, 'utf8', 'utf8_general_ci', 'varchar(8)', '', '', 'select', '');
INSERT INTO `COLUMNS` VALUES(NULL, 'information_schema', 'ROUTINES', 'ROUTINE_DEFINITION', 8, NULL, 'YES', 'longtext', 4294967295, 4294967295, NULL, NULL, 'utf8', 'utf8_general_ci', 'longtext', '', '', 'select', '');
INSERT INTO `COLUMNS` VALUES(NULL, 'information_schema', 'ROUTINES', 'EXTERNAL_NAME', 9, NULL, 'YES', 'varchar', 64, 192, NULL, NULL, 'utf8', 'utf8_general_ci', 'varchar(64)', '', '', 'select', '');
INSERT INTO `COLUMNS` VALUES(NULL, 'information_schema', 'ROUTINES', 'EXTERNAL_LANGUAGE', 10, NULL, 'YES', 'varchar', 64, 192, NULL, NULL, 'utf8', 'utf8_general_ci', 'varchar(64)', '', '', 'select', '');
INSERT INTO `COLUMNS` VALUES(NULL, 'information_schema', 'ROUTINES', 'PARAMETER_STYLE', 11, '', 'NO', 'varchar', 8, 24, NULL, NULL, 'utf8', 'utf8_general_ci', 'varchar(8)', '', '', 'select', '');
INSERT INTO `COLUMNS` VALUES(NULL, 'information_schema', 'ROUTINES', 'IS_DETERMINISTIC', 12, '', 'NO', 'varchar', 3, 9, NULL, NULL, 'utf8', 'utf8_general_ci', 'varchar(3)', '', '', 'select', '');
INSERT INTO `COLUMNS` VALUES(NULL, 'information_schema', 'ROUTINES', 'SQL_DATA_ACCESS', 13, '', 'NO', 'varchar', 64, 192, NULL, NULL, 'utf8', 'utf8_general_ci', 'varchar(64)', '', '', 'select', '');
INSERT INTO `COLUMNS` VALUES(NULL, 'information_schema', 'ROUTINES', 'SQL_PATH', 14, NULL, 'YES', 'varchar', 64, 192, NULL, NULL, 'utf8', 'utf8_general_ci', 'varchar(64)', '', '', 'select', '');
INSERT INTO `COLUMNS` VALUES(NULL, 'information_schema', 'ROUTINES', 'SECURITY_TYPE', 15, '', 'NO', 'varchar', 7, 21, NULL, NULL, 'utf8', 'utf8_general_ci', 'varchar(7)', '', '', 'select', '');
INSERT INTO `COLUMNS` VALUES(NULL, 'information_schema', 'ROUTINES', 'CREATED', 16, '0000-00-00 00:00:00', 'NO', 'datetime', NULL, NULL, NULL, NULL, NULL, NULL, 'datetime', '', '', 'select', '');
INSERT INTO `COLUMNS` VALUES(NULL, 'information_schema', 'ROUTINES', 'LAST_ALTERED', 17, '0000-00-00 00:00:00', 'NO', 'datetime', NULL, NULL, NULL, NULL, NULL, NULL, 'datetime', '', '', 'select', '');
INSERT INTO `COLUMNS` VALUES(NULL, 'information_schema', 'ROUTINES', 'SQL_MODE', 18, NULL, 'NO', 'longtext', 4294967295, 4294967295, NULL, NULL, 'utf8', 'utf8_general_ci', 'longtext', '', '', 'select', '');
INSERT INTO `COLUMNS` VALUES(NULL, 'information_schema', 'ROUTINES', 'ROUTINE_COMMENT', 19, '', 'NO', 'varchar', 64, 192, NULL, NULL, 'utf8', 'utf8_general_ci', 'varchar(64)', '', '', 'select', '');
INSERT INTO `COLUMNS` VALUES(NULL, 'information_schema', 'ROUTINES', 'DEFINER', 20, '', 'NO', 'varchar', 77, 231, NULL, NULL, 'utf8', 'utf8_general_ci', 'varchar(77)', '', '', 'select', '');
INSERT INTO `COLUMNS` VALUES(NULL, 'information_schema', 'SCHEMATA', 'CATALOG_NAME', 1, NULL, 'YES', 'varchar', 512, 1536, NULL, NULL, 'utf8', 'utf8_general_ci', 'varchar(512)', '', '', 'select', '');
INSERT INTO `COLUMNS` VALUES(NULL, 'information_schema', 'SCHEMATA', 'SCHEMA_NAME', 2, '', 'NO', 'varchar', 64, 192, NULL, NULL, 'utf8', 'utf8_general_ci', 'varchar(64)', '', '', 'select', '');
INSERT INTO `COLUMNS` VALUES(NULL, 'information_schema', 'SCHEMATA', 'DEFAULT_CHARACTER_SET_NAME', 3, '', 'NO', 'varchar', 64, 192, NULL, NULL, 'utf8', 'utf8_general_ci', 'varchar(64)', '', '', 'select', '');
INSERT INTO `COLUMNS` VALUES(NULL, 'information_schema', 'SCHEMATA', 'DEFAULT_COLLATION_NAME', 4, '', 'NO', 'varchar', 64, 192, NULL, NULL, 'utf8', 'utf8_general_ci', 'varchar(64)', '', '', 'select', '');
INSERT INTO `COLUMNS` VALUES(NULL, 'information_schema', 'SCHEMATA', 'SQL_PATH', 5, NULL, 'YES', 'varchar', 512, 1536, NULL, NULL, 'utf8', 'utf8_general_ci', 'varchar(512)', '', '', 'select', '');
INSERT INTO `COLUMNS` VALUES(NULL, 'information_schema', 'SCHEMA_PRIVILEGES', 'GRANTEE', 1, '', 'NO', 'varchar', 81, 243, NULL, NULL, 'utf8', 'utf8_general_ci', 'varchar(81)', '', '', 'select', '');
INSERT INTO `COLUMNS` VALUES(NULL, 'information_schema', 'SCHEMA_PRIVILEGES', 'TABLE_CATALOG', 2, NULL, 'YES', 'varchar', 512, 1536, NULL, NULL, 'utf8', 'utf8_general_ci', 'varchar(512)', '', '', 'select', '');
INSERT INTO `COLUMNS` VALUES(NULL, 'information_schema', 'SCHEMA_PRIVILEGES', 'TABLE_SCHEMA', 3, '', 'NO', 'varchar', 64, 192, NULL, NULL, 'utf8', 'utf8_general_ci', 'varchar(64)', '', '', 'select', '');
INSERT INTO `COLUMNS` VALUES(NULL, 'information_schema', 'SCHEMA_PRIVILEGES', 'PRIVILEGE_TYPE', 4, '', 'NO', 'varchar', 64, 192, NULL, NULL, 'utf8', 'utf8_general_ci', 'varchar(64)', '', '', 'select', '');
INSERT INTO `COLUMNS` VALUES(NULL, 'information_schema', 'SCHEMA_PRIVILEGES', 'IS_GRANTABLE', 5, '', 'NO', 'varchar', 3, 9, NULL, NULL, 'utf8', 'utf8_general_ci', 'varchar(3)', '', '', 'select', '');
INSERT INTO `COLUMNS` VALUES(NULL, 'information_schema', 'STATISTICS', 'TABLE_CATALOG', 1, NULL, 'YES', 'varchar', 512, 1536, NULL, NULL, 'utf8', 'utf8_general_ci', 'varchar(512)', '', '', 'select', '');
INSERT INTO `COLUMNS` VALUES(NULL, 'information_schema', 'STATISTICS', 'TABLE_SCHEMA', 2, '', 'NO', 'varchar', 64, 192, NULL, NULL, 'utf8', 'utf8_general_ci', 'varchar(64)', '', '', 'select', '');
INSERT INTO `COLUMNS` VALUES(NULL, 'information_schema', 'STATISTICS', 'TABLE_NAME', 3, '', 'NO', 'varchar', 64, 192, NULL, NULL, 'utf8', 'utf8_general_ci', 'varchar(64)', '', '', 'select', '');
INSERT INTO `COLUMNS` VALUES(NULL, 'information_schema', 'STATISTICS', 'NON_UNIQUE', 4, '0', 'NO', 'bigint', NULL, NULL, 19, 0, NULL, NULL, 'bigint(1)', '', '', 'select', '');
INSERT INTO `COLUMNS` VALUES(NULL, 'information_schema', 'STATISTICS', 'INDEX_SCHEMA', 5, '', 'NO', 'varchar', 64, 192, NULL, NULL, 'utf8', 'utf8_general_ci', 'varchar(64)', '', '', 'select', '');
INSERT INTO `COLUMNS` VALUES(NULL, 'information_schema', 'STATISTICS', 'INDEX_NAME', 6, '', 'NO', 'varchar', 64, 192, NULL, NULL, 'utf8', 'utf8_general_ci', 'varchar(64)', '', '', 'select', '');
INSERT INTO `COLUMNS` VALUES(NULL, 'information_schema', 'STATISTICS', 'SEQ_IN_INDEX', 7, '0', 'NO', 'bigint', NULL, NULL, 19, 0, NULL, NULL, 'bigint(2)', '', '', 'select', '');
INSERT INTO `COLUMNS` VALUES(NULL, 'information_schema', 'STATISTICS', 'COLUMN_NAME', 8, '', 'NO', 'varchar', 64, 192, NULL, NULL, 'utf8', 'utf8_general_ci', 'varchar(64)', '', '', 'select', '');
INSERT INTO `COLUMNS` VALUES(NULL, 'information_schema', 'STATISTICS', 'COLLATION', 9, NULL, 'YES', 'varchar', 1, 3, NULL, NULL, 'utf8', 'utf8_general_ci', 'varchar(1)', '', '', 'select', '');
INSERT INTO `COLUMNS` VALUES(NULL, 'information_schema', 'STATISTICS', 'CARDINALITY', 10, NULL, 'YES', 'bigint', NULL, NULL, 19, 0, NULL, NULL, 'bigint(21)', '', '', 'select', '');
INSERT INTO `COLUMNS` VALUES(NULL, 'information_schema', 'STATISTICS', 'SUB_PART', 11, NULL, 'YES', 'bigint', NULL, NULL, 19, 0, NULL, NULL, 'bigint(3)', '', '', 'select', '');
INSERT INTO `COLUMNS` VALUES(NULL, 'information_schema', 'STATISTICS', 'PACKED', 12, NULL, 'YES', 'varchar', 10, 30, NULL, NULL, 'utf8', 'utf8_general_ci', 'varchar(10)', '', '', 'select', '');
INSERT INTO `COLUMNS` VALUES(NULL, 'information_schema', 'STATISTICS', 'NULLABLE', 13, '', 'NO', 'varchar', 3, 9, NULL, NULL, 'utf8', 'utf8_general_ci', 'varchar(3)', '', '', 'select', '');
INSERT INTO `COLUMNS` VALUES(NULL, 'information_schema', 'STATISTICS', 'INDEX_TYPE', 14, '', 'NO', 'varchar', 16, 48, NULL, NULL, 'utf8', 'utf8_general_ci', 'varchar(16)', '', '', 'select', '');
INSERT INTO `COLUMNS` VALUES(NULL, 'information_schema', 'STATISTICS', 'COMMENT', 15, NULL, 'YES', 'varchar', 16, 48, NULL, NULL, 'utf8', 'utf8_general_ci', 'varchar(16)', '', '', 'select', '');
INSERT INTO `COLUMNS` VALUES(NULL, 'information_schema', 'TABLES', 'TABLE_CATALOG', 1, NULL, 'YES', 'varchar', 512, 1536, NULL, NULL, 'utf8', 'utf8_general_ci', 'varchar(512)', '', '', 'select', '');
INSERT INTO `COLUMNS` VALUES(NULL, 'information_schema', 'TABLES', 'TABLE_SCHEMA', 2, '', 'NO', 'varchar', 64, 192, NULL, NULL, 'utf8', 'utf8_general_ci', 'varchar(64)', '', '', 'select', '');
INSERT INTO `COLUMNS` VALUES(NULL, 'information_schema', 'TABLES', 'TABLE_NAME', 3, '', 'NO', 'varchar', 64, 192, NULL, NULL, 'utf8', 'utf8_general_ci', 'varchar(64)', '', '', 'select', '');
INSERT INTO `COLUMNS` VALUES(NULL, 'information_schema', 'TABLES', 'TABLE_TYPE', 4, '', 'NO', 'varchar', 64, 192, NULL, NULL, 'utf8', 'utf8_general_ci', 'varchar(64)', '', '', 'select', '');
INSERT INTO `COLUMNS` VALUES(NULL, 'information_schema', 'TABLES', 'ENGINE', 5, NULL, 'YES', 'varchar', 64, 192, NULL, NULL, 'utf8', 'utf8_general_ci', 'varchar(64)', '', '', 'select', '');
INSERT INTO `COLUMNS` VALUES(NULL, 'information_schema', 'TABLES', 'VERSION', 6, NULL, 'YES', 'bigint', NULL, NULL, 19, 0, NULL, NULL, 'bigint(21)', '', '', 'select', '');
INSERT INTO `COLUMNS` VALUES(NULL, 'information_schema', 'TABLES', 'ROW_FORMAT', 7, NULL, 'YES', 'varchar', 10, 30, NULL, NULL, 'utf8', 'utf8_general_ci', 'varchar(10)', '', '', 'select', '');
INSERT INTO `COLUMNS` VALUES(NULL, 'information_schema', 'TABLES', 'TABLE_ROWS', 8, NULL, 'YES', 'bigint', NULL, NULL, 19, 0, NULL, NULL, 'bigint(21)', '', '', 'select', '');
INSERT INTO `COLUMNS` VALUES(NULL, 'information_schema', 'TABLES', 'AVG_ROW_LENGTH', 9, NULL, 'YES', 'bigint', NULL, NULL, 19, 0, NULL, NULL, 'bigint(21)', '', '', 'select', '');
INSERT INTO `COLUMNS` VALUES(NULL, 'information_schema', 'TABLES', 'DATA_LENGTH', 10, NULL, 'YES', 'bigint', NULL, NULL, 19, 0, NULL, NULL, 'bigint(21)', '', '', 'select', '');
INSERT INTO `COLUMNS` VALUES(NULL, 'information_schema', 'TABLES', 'MAX_DATA_LENGTH', 11, NULL, 'YES', 'bigint', NULL, NULL, 19, 0, NULL, NULL, 'bigint(21)', '', '', 'select', '');
INSERT INTO `COLUMNS` VALUES(NULL, 'information_schema', 'TABLES', 'INDEX_LENGTH', 12, NULL, 'YES', 'bigint', NULL, NULL, 19, 0, NULL, NULL, 'bigint(21)', '', '', 'select', '');
INSERT INTO `COLUMNS` VALUES(NULL, 'information_schema', 'TABLES', 'DATA_FREE', 13, NULL, 'YES', 'bigint', NULL, NULL, 19, 0, NULL, NULL, 'bigint(21)', '', '', 'select', '');
INSERT INTO `COLUMNS` VALUES(NULL, 'information_schema', 'TABLES', 'AUTO_INCREMENT', 14, NULL, 'YES', 'bigint', NULL, NULL, 19, 0, NULL, NULL, 'bigint(21)', '', '', 'select', '');
INSERT INTO `COLUMNS` VALUES(NULL, 'information_schema', 'TABLES', 'CREATE_TIME', 15, NULL, 'YES', 'datetime', NULL, NULL, NULL, NULL, NULL, NULL, 'datetime', '', '', 'select', '');
INSERT INTO `COLUMNS` VALUES(NULL, 'information_schema', 'TABLES', 'UPDATE_TIME', 16, NULL, 'YES', 'datetime', NULL, NULL, NULL, NULL, NULL, NULL, 'datetime', '', '', 'select', '');
INSERT INTO `COLUMNS` VALUES(NULL, 'information_schema', 'TABLES', 'CHECK_TIME', 17, NULL, 'YES', 'datetime', NULL, NULL, NULL, NULL, NULL, NULL, 'datetime', '', '', 'select', '');
INSERT INTO `COLUMNS` VALUES(NULL, 'information_schema', 'TABLES', 'TABLE_COLLATION', 18, NULL, 'YES', 'varchar', 64, 192, NULL, NULL, 'utf8', 'utf8_general_ci', 'varchar(64)', '', '', 'select', '');
INSERT INTO `COLUMNS` VALUES(NULL, 'information_schema', 'TABLES', 'CHECKSUM', 19, NULL, 'YES', 'bigint', NULL, NULL, 19, 0, NULL, NULL, 'bigint(21)', '', '', 'select', '');
INSERT INTO `COLUMNS` VALUES(NULL, 'information_schema', 'TABLES', 'CREATE_OPTIONS', 20, NULL, 'YES', 'varchar', 255, 765, NULL, NULL, 'utf8', 'utf8_general_ci', 'varchar(255)', '', '', 'select', '');
INSERT INTO `COLUMNS` VALUES(NULL, 'information_schema', 'TABLES', 'TABLE_COMMENT', 21, '', 'NO', 'varchar', 80, 240, NULL, NULL, 'utf8', 'utf8_general_ci', 'varchar(80)', '', '', 'select', '');
INSERT INTO `COLUMNS` VALUES(NULL, 'information_schema', 'TABLE_CONSTRAINTS', 'CONSTRAINT_CATALOG', 1, NULL, 'YES', 'varchar', 512, 1536, NULL, NULL, 'utf8', 'utf8_general_ci', 'varchar(512)', '', '', 'select', '');
INSERT INTO `COLUMNS` VALUES(NULL, 'information_schema', 'TABLE_CONSTRAINTS', 'CONSTRAINT_SCHEMA', 2, '', 'NO', 'varchar', 64, 192, NULL, NULL, 'utf8', 'utf8_general_ci', 'varchar(64)', '', '', 'select', '');
INSERT INTO `COLUMNS` VALUES(NULL, 'information_schema', 'TABLE_CONSTRAINTS', 'CONSTRAINT_NAME', 3, '', 'NO', 'varchar', 64, 192, NULL, NULL, 'utf8', 'utf8_general_ci', 'varchar(64)', '', '', 'select', '');
INSERT INTO `COLUMNS` VALUES(NULL, 'information_schema', 'TABLE_CONSTRAINTS', 'TABLE_SCHEMA', 4, '', 'NO', 'varchar', 64, 192, NULL, NULL, 'utf8', 'utf8_general_ci', 'varchar(64)', '', '', 'select', '');
INSERT INTO `COLUMNS` VALUES(NULL, 'information_schema', 'TABLE_CONSTRAINTS', 'TABLE_NAME', 5, '', 'NO', 'varchar', 64, 192, NULL, NULL, 'utf8', 'utf8_general_ci', 'varchar(64)', '', '', 'select', '');
INSERT INTO `COLUMNS` VALUES(NULL, 'information_schema', 'TABLE_CONSTRAINTS', 'CONSTRAINT_TYPE', 6, '', 'NO', 'varchar', 64, 192, NULL, NULL, 'utf8', 'utf8_general_ci', 'varchar(64)', '', '', 'select', '');
INSERT INTO `COLUMNS` VALUES(NULL, 'information_schema', 'TABLE_PRIVILEGES', 'GRANTEE', 1, '', 'NO', 'varchar', 81, 243, NULL, NULL, 'utf8', 'utf8_general_ci', 'varchar(81)', '', '', 'select', '');
INSERT INTO `COLUMNS` VALUES(NULL, 'information_schema', 'TABLE_PRIVILEGES', 'TABLE_CATALOG', 2, NULL, 'YES', 'varchar', 512, 1536, NULL, NULL, 'utf8', 'utf8_general_ci', 'varchar(512)', '', '', 'select', '');
INSERT INTO `COLUMNS` VALUES(NULL, 'information_schema', 'TABLE_PRIVILEGES', 'TABLE_SCHEMA', 3, '', 'NO', 'varchar', 64, 192, NULL, NULL, 'utf8', 'utf8_general_ci', 'varchar(64)', '', '', 'select', '');
INSERT INTO `COLUMNS` VALUES(NULL, 'information_schema', 'TABLE_PRIVILEGES', 'TABLE_NAME', 4, '', 'NO', 'varchar', 64, 192, NULL, NULL, 'utf8', 'utf8_general_ci', 'varchar(64)', '', '', 'select', '');
INSERT INTO `COLUMNS` VALUES(NULL, 'information_schema', 'TABLE_PRIVILEGES', 'PRIVILEGE_TYPE', 5, '', 'NO', 'varchar', 64, 192, NULL, NULL, 'utf8', 'utf8_general_ci', 'varchar(64)', '', '', 'select', '');
INSERT INTO `COLUMNS` VALUES(NULL, 'information_schema', 'TABLE_PRIVILEGES', 'IS_GRANTABLE', 6, '', 'NO', 'varchar', 3, 9, NULL, NULL, 'utf8', 'utf8_general_ci', 'varchar(3)', '', '', 'select', '');
INSERT INTO `COLUMNS` VALUES(NULL, 'information_schema', 'TABLE_STATISTICS', 'TABLE_SCHEMA', 1, '', 'NO', 'varchar', 64, 192, NULL, NULL, 'utf8', 'utf8_general_ci', 'varchar(64)', '', '', 'select', '');
INSERT INTO `COLUMNS` VALUES(NULL, 'information_schema', 'TABLE_STATISTICS', 'TABLE_NAME', 2, '', 'NO', 'varchar', 64, 192, NULL, NULL, 'utf8', 'utf8_general_ci', 'varchar(64)', '', '', 'select', '');
INSERT INTO `COLUMNS` VALUES(NULL, 'information_schema', 'TABLE_STATISTICS', 'ROWS_READ', 3, '0', 'NO', 'bigint', NULL, NULL, 19, 0, NULL, NULL, 'bigint(21)', '', '', 'select', '');
INSERT INTO `COLUMNS` VALUES(NULL, 'information_schema', 'TABLE_STATISTICS', 'ROWS_CHANGED', 4, '0', 'NO', 'bigint', NULL, NULL, 19, 0, NULL, NULL, 'bigint(21)', '', '', 'select', '');
INSERT INTO `COLUMNS` VALUES(NULL, 'information_schema', 'TABLE_STATISTICS', 'ROWS_CHANGED_X_INDEXES', 5, '0', 'NO', 'bigint', NULL, NULL, 19, 0, NULL, NULL, 'bigint(21)', '', '', 'select', '');
INSERT INTO `COLUMNS` VALUES(NULL, 'information_schema', 'TRIGGERS', 'TRIGGER_CATALOG', 1, NULL, 'YES', 'varchar', 512, 1536, NULL, NULL, 'utf8', 'utf8_general_ci', 'varchar(512)', '', '', 'select', '');
INSERT INTO `COLUMNS` VALUES(NULL, 'information_schema', 'TRIGGERS', 'TRIGGER_SCHEMA', 2, '', 'NO', 'varchar', 64, 192, NULL, NULL, 'utf8', 'utf8_general_ci', 'varchar(64)', '', '', 'select', '');
INSERT INTO `COLUMNS` VALUES(NULL, 'information_schema', 'TRIGGERS', 'TRIGGER_NAME', 3, '', 'NO', 'varchar', 64, 192, NULL, NULL, 'utf8', 'utf8_general_ci', 'varchar(64)', '', '', 'select', '');
INSERT INTO `COLUMNS` VALUES(NULL, 'information_schema', 'TRIGGERS', 'EVENT_MANIPULATION', 4, '', 'NO', 'varchar', 6, 18, NULL, NULL, 'utf8', 'utf8_general_ci', 'varchar(6)', '', '', 'select', '');
INSERT INTO `COLUMNS` VALUES(NULL, 'information_schema', 'TRIGGERS', 'EVENT_OBJECT_CATALOG', 5, NULL, 'YES', 'varchar', 512, 1536, NULL, NULL, 'utf8', 'utf8_general_ci', 'varchar(512)', '', '', 'select', '');
INSERT INTO `COLUMNS` VALUES(NULL, 'information_schema', 'TRIGGERS', 'EVENT_OBJECT_SCHEMA', 6, '', 'NO', 'varchar', 64, 192, NULL, NULL, 'utf8', 'utf8_general_ci', 'varchar(64)', '', '', 'select', '');
INSERT INTO `COLUMNS` VALUES(NULL, 'information_schema', 'TRIGGERS', 'EVENT_OBJECT_TABLE', 7, '', 'NO', 'varchar', 64, 192, NULL, NULL, 'utf8', 'utf8_general_ci', 'varchar(64)', '', '', 'select', '');
INSERT INTO `COLUMNS` VALUES(NULL, 'information_schema', 'TRIGGERS', 'ACTION_ORDER', 8, '0', 'NO', 'bigint', NULL, NULL, 19, 0, NULL, NULL, 'bigint(4)', '', '', 'select', '');
INSERT INTO `COLUMNS` VALUES(NULL, 'information_schema', 'TRIGGERS', 'ACTION_CONDITION', 9, NULL, 'YES', 'longtext', 4294967295, 4294967295, NULL, NULL, 'utf8', 'utf8_general_ci', 'longtext', '', '', 'select', '');
INSERT INTO `COLUMNS` VALUES(NULL, 'information_schema', 'TRIGGERS', 'ACTION_STATEMENT', 10, NULL, 'NO', 'longtext', 4294967295, 4294967295, NULL, NULL, 'utf8', 'utf8_general_ci', 'longtext', '', '', 'select', '');
INSERT INTO `COLUMNS` VALUES(NULL, 'information_schema', 'TRIGGERS', 'ACTION_ORIENTATION', 11, '', 'NO', 'varchar', 9, 27, NULL, NULL, 'utf8', 'utf8_general_ci', 'varchar(9)', '', '', 'select', '');
INSERT INTO `COLUMNS` VALUES(NULL, 'information_schema', 'TRIGGERS', 'ACTION_TIMING', 12, '', 'NO', 'varchar', 6, 18, NULL, NULL, 'utf8', 'utf8_general_ci', 'varchar(6)', '', '', 'select', '');
INSERT INTO `COLUMNS` VALUES(NULL, 'information_schema', 'TRIGGERS', 'ACTION_REFERENCE_OLD_TABLE', 13, NULL, 'YES', 'varchar', 64, 192, NULL, NULL, 'utf8', 'utf8_general_ci', 'varchar(64)', '', '', 'select', '');
INSERT INTO `COLUMNS` VALUES(NULL, 'information_schema', 'TRIGGERS', 'ACTION_REFERENCE_NEW_TABLE', 14, NULL, 'YES', 'varchar', 64, 192, NULL, NULL, 'utf8', 'utf8_general_ci', 'varchar(64)', '', '', 'select', '');
INSERT INTO `COLUMNS` VALUES(NULL, 'information_schema', 'TRIGGERS', 'ACTION_REFERENCE_OLD_ROW', 15, '', 'NO', 'varchar', 3, 9, NULL, NULL, 'utf8', 'utf8_general_ci', 'varchar(3)', '', '', 'select', '');
INSERT INTO `COLUMNS` VALUES(NULL, 'information_schema', 'TRIGGERS', 'ACTION_REFERENCE_NEW_ROW', 16, '', 'NO', 'varchar', 3, 9, NULL, NULL, 'utf8', 'utf8_general_ci', 'varchar(3)', '', '', 'select', '');
INSERT INTO `COLUMNS` VALUES(NULL, 'information_schema', 'TRIGGERS', 'CREATED', 17, NULL, 'YES', 'datetime', NULL, NULL, NULL, NULL, NULL, NULL, 'datetime', '', '', 'select', '');
INSERT INTO `COLUMNS` VALUES(NULL, 'information_schema', 'TRIGGERS', 'SQL_MODE', 18, NULL, 'NO', 'longtext', 4294967295, 4294967295, NULL, NULL, 'utf8', 'utf8_general_ci', 'longtext', '', '', 'select', '');
INSERT INTO `COLUMNS` VALUES(NULL, 'information_schema', 'TRIGGERS', 'DEFINER', 19, NULL, 'NO', 'longtext', 4294967295, 4294967295, NULL, NULL, 'utf8', 'utf8_general_ci', 'longtext', '', '', 'select', '');
INSERT INTO `COLUMNS` VALUES(NULL, 'information_schema', 'USER_PRIVILEGES', 'GRANTEE', 1, '', 'NO', 'varchar', 81, 243, NULL, NULL, 'utf8', 'utf8_general_ci', 'varchar(81)', '', '', 'select', '');
INSERT INTO `COLUMNS` VALUES(NULL, 'information_schema', 'USER_PRIVILEGES', 'TABLE_CATALOG', 2, NULL, 'YES', 'varchar', 512, 1536, NULL, NULL, 'utf8', 'utf8_general_ci', 'varchar(512)', '', '', 'select', '');
INSERT INTO `COLUMNS` VALUES(NULL, 'information_schema', 'USER_PRIVILEGES', 'PRIVILEGE_TYPE', 3, '', 'NO', 'varchar', 64, 192, NULL, NULL, 'utf8', 'utf8_general_ci', 'varchar(64)', '', '', 'select', '');
INSERT INTO `COLUMNS` VALUES(NULL, 'information_schema', 'USER_PRIVILEGES', 'IS_GRANTABLE', 4, '', 'NO', 'varchar', 3, 9, NULL, NULL, 'utf8', 'utf8_general_ci', 'varchar(3)', '', '', 'select', '');
INSERT INTO `COLUMNS` VALUES(NULL, 'information_schema', 'USER_STATISTICS', 'USER', 1, '', 'NO', 'varchar', 16, 48, NULL, NULL, 'utf8', 'utf8_general_ci', 'varchar(16)', '', '', 'select', '');
INSERT INTO `COLUMNS` VALUES(NULL, 'information_schema', 'USER_STATISTICS', 'TOTAL_CONNECTIONS', 2, '0', 'NO', 'bigint', NULL, NULL, 19, 0, NULL, NULL, 'bigint(21)', '', '', 'select', '');
INSERT INTO `COLUMNS` VALUES(NULL, 'information_schema', 'USER_STATISTICS', 'CONCURRENT_CONNECTIONS', 3, '0', 'NO', 'bigint', NULL, NULL, 19, 0, NULL, NULL, 'bigint(21)', '', '', 'select', '');
INSERT INTO `COLUMNS` VALUES(NULL, 'information_schema', 'USER_STATISTICS', 'CONNECTED_TIME', 4, '0', 'NO', 'bigint', NULL, NULL, 19, 0, NULL, NULL, 'bigint(21)', '', '', 'select', '');
INSERT INTO `COLUMNS` VALUES(NULL, 'information_schema', 'USER_STATISTICS', 'BUSY_TIME', 5, '0', 'NO', 'bigint', NULL, NULL, 19, 0, NULL, NULL, 'bigint(21)', '', '', 'select', '');
INSERT INTO `COLUMNS` VALUES(NULL, 'information_schema', 'USER_STATISTICS', 'CPU_TIME', 6, '0', 'NO', 'bigint', NULL, NULL, 19, 0, NULL, NULL, 'bigint(21)', '', '', 'select', '');
INSERT INTO `COLUMNS` VALUES(NULL, 'information_schema', 'USER_STATISTICS', 'BYTES_RECEIVED', 7, '0', 'NO', 'bigint', NULL, NULL, 19, 0, NULL, NULL, 'bigint(21)', '', '', 'select', '');
INSERT INTO `COLUMNS` VALUES(NULL, 'information_schema', 'USER_STATISTICS', 'BYTES_SENT', 8, '0', 'NO', 'bigint', NULL, NULL, 19, 0, NULL, NULL, 'bigint(21)', '', '', 'select', '');
INSERT INTO `COLUMNS` VALUES(NULL, 'information_schema', 'USER_STATISTICS', 'BINLOG_BYTES_WRITTEN', 9, '0', 'NO', 'bigint', NULL, NULL, 19, 0, NULL, NULL, 'bigint(21)', '', '', 'select', '');
INSERT INTO `COLUMNS` VALUES(NULL, 'information_schema', 'USER_STATISTICS', 'ROWS_FETCHED', 10, '0', 'NO', 'bigint', NULL, NULL, 19, 0, NULL, NULL, 'bigint(21)', '', '', 'select', '');
INSERT INTO `COLUMNS` VALUES(NULL, 'information_schema', 'USER_STATISTICS', 'ROWS_UPDATED', 11, '0', 'NO', 'bigint', NULL, NULL, 19, 0, NULL, NULL, 'bigint(21)', '', '', 'select', '');
INSERT INTO `COLUMNS` VALUES(NULL, 'information_schema', 'USER_STATISTICS', 'TABLE_ROWS_READ', 12, '0', 'NO', 'bigint', NULL, NULL, 19, 0, NULL, NULL, 'bigint(21)', '', '', 'select', '');
INSERT INTO `COLUMNS` VALUES(NULL, 'information_schema', 'USER_STATISTICS', 'SELECT_COMMANDS', 13, '0', 'NO', 'bigint', NULL, NULL, 19, 0, NULL, NULL, 'bigint(21)', '', '', 'select', '');
INSERT INTO `COLUMNS` VALUES(NULL, 'information_schema', 'USER_STATISTICS', 'UPDATE_COMMANDS', 14, '0', 'NO', 'bigint', NULL, NULL, 19, 0, NULL, NULL, 'bigint(21)', '', '', 'select', '');
INSERT INTO `COLUMNS` VALUES(NULL, 'information_schema', 'USER_STATISTICS', 'OTHER_COMMANDS', 15, '0', 'NO', 'bigint', NULL, NULL, 19, 0, NULL, NULL, 'bigint(21)', '', '', 'select', '');
INSERT INTO `COLUMNS` VALUES(NULL, 'information_schema', 'USER_STATISTICS', 'COMMIT_TRANSACTIONS', 16, '0', 'NO', 'bigint', NULL, NULL, 19, 0, NULL, NULL, 'bigint(21)', '', '', 'select', '');
INSERT INTO `COLUMNS` VALUES(NULL, 'information_schema', 'USER_STATISTICS', 'ROLLBACK_TRANSACTIONS', 17, '0', 'NO', 'bigint', NULL, NULL, 19, 0, NULL, NULL, 'bigint(21)', '', '', 'select', '');
INSERT INTO `COLUMNS` VALUES(NULL, 'information_schema', 'USER_STATISTICS', 'DENIED_CONNECTIONS', 18, '0', 'NO', 'bigint', NULL, NULL, 19, 0, NULL, NULL, 'bigint(21)', '', '', 'select', '');
INSERT INTO `COLUMNS` VALUES(NULL, 'information_schema', 'USER_STATISTICS', 'LOST_CONNECTIONS', 19, '0', 'NO', 'bigint', NULL, NULL, 19, 0, NULL, NULL, 'bigint(21)', '', '', 'select', '');
INSERT INTO `COLUMNS` VALUES(NULL, 'information_schema', 'USER_STATISTICS', 'ACCESS_DENIED', 20, '0', 'NO', 'bigint', NULL, NULL, 19, 0, NULL, NULL, 'bigint(21)', '', '', 'select', '');
INSERT INTO `COLUMNS` VALUES(NULL, 'information_schema', 'USER_STATISTICS', 'EMPTY_QUERIES', 21, '0', 'NO', 'bigint', NULL, NULL, 19, 0, NULL, NULL, 'bigint(21)', '', '', 'select', '');
INSERT INTO `COLUMNS` VALUES(NULL, 'information_schema', 'VIEWS', 'TABLE_CATALOG', 1, NULL, 'YES', 'varchar', 512, 1536, NULL, NULL, 'utf8', 'utf8_general_ci', 'varchar(512)', '', '', 'select', '');
INSERT INTO `COLUMNS` VALUES(NULL, 'information_schema', 'VIEWS', 'TABLE_SCHEMA', 2, '', 'NO', 'varchar', 64, 192, NULL, NULL, 'utf8', 'utf8_general_ci', 'varchar(64)', '', '', 'select', '');
INSERT INTO `COLUMNS` VALUES(NULL, 'information_schema', 'VIEWS', 'TABLE_NAME', 3, '', 'NO', 'varchar', 64, 192, NULL, NULL, 'utf8', 'utf8_general_ci', 'varchar(64)', '', '', 'select', '');
INSERT INTO `COLUMNS` VALUES(NULL, 'information_schema', 'VIEWS', 'VIEW_DEFINITION', 4, NULL, 'NO', 'longtext', 4294967295, 4294967295, NULL, NULL, 'utf8', 'utf8_general_ci', 'longtext', '', '', 'select', '');
INSERT INTO `COLUMNS` VALUES(NULL, 'information_schema', 'VIEWS', 'CHECK_OPTION', 5, '', 'NO', 'varchar', 8, 24, NULL, NULL, 'utf8', 'utf8_general_ci', 'varchar(8)', '', '', 'select', '');
INSERT INTO `COLUMNS` VALUES(NULL, 'information_schema', 'VIEWS', 'IS_UPDATABLE', 6, '', 'NO', 'varchar', 3, 9, NULL, NULL, 'utf8', 'utf8_general_ci', 'varchar(3)', '', '', 'select', '');
INSERT INTO `COLUMNS` VALUES(NULL, 'information_schema', 'VIEWS', 'DEFINER', 7, '', 'NO', 'varchar', 77, 231, NULL, NULL, 'utf8', 'utf8_general_ci', 'varchar(77)', '', '', 'select', '');
INSERT INTO `COLUMNS` VALUES(NULL, 'information_schema', 'VIEWS', 'SECURITY_TYPE', 8, '', 'NO', 'varchar', 7, 21, NULL, NULL, 'utf8', 'utf8_general_ci', 'varchar(7)', '', '', 'select', '');
INSERT INTO `COLUMNS` VALUES(NULL, 'information_schema', 'INNODB_IO_PATTERN', 'SPACE', 1, '0', 'NO', 'bigint', NULL, NULL, 19, 0, NULL, NULL, 'bigint(11)', '', '', 'select', '');
INSERT INTO `COLUMNS` VALUES(NULL, 'information_schema', 'INNODB_IO_PATTERN', 'OFFSET', 2, '0', 'NO', 'bigint', NULL, NULL, 19, 0, NULL, NULL, 'bigint(11)', '', '', 'select', '');
INSERT INTO `COLUMNS` VALUES(NULL, 'information_schema', 'INNODB_IO_PATTERN', 'INDEX_ID', 3, '0', 'NO', 'bigint', NULL, NULL, 19, 0, NULL, NULL, 'bigint(11)', '', '', 'select', '');
INSERT INTO `COLUMNS` VALUES(NULL, 'information_schema', 'INNODB_IO_PATTERN', 'TABLE_NAME', 4, '', 'NO', 'varchar', 32, 96, NULL, NULL, 'utf8', 'utf8_general_ci', 'varchar(32)', '', '', 'select', '');
INSERT INTO `COLUMNS` VALUES(NULL, 'information_schema', 'INNODB_IO_PATTERN', 'INDEX_NAME', 5, '', 'NO', 'varchar', 32, 96, NULL, NULL, 'utf8', 'utf8_general_ci', 'varchar(32)', '', '', 'select', '');
INSERT INTO `COLUMNS` VALUES(NULL, 'information_schema', 'INNODB_IO_PATTERN', 'N_READ', 6, '0', 'NO', 'bigint', NULL, NULL, 19, 0, NULL, NULL, 'bigint(11)', '', '', 'select', '');
INSERT INTO `COLUMNS` VALUES(NULL, 'information_schema', 'INNODB_IO_PATTERN', 'N_WRITE', 7, '0', 'NO', 'bigint', NULL, NULL, 19, 0, NULL, NULL, 'bigint(11)', '', '', 'select', '');
INSERT INTO `COLUMNS` VALUES(NULL, 'information_schema', 'INNODB_RSEG', 'RSEG_ID', 1, '0', 'NO', 'bigint', NULL, NULL, 19, 0, NULL, NULL, 'bigint(21)', '', '', 'select', '');
INSERT INTO `COLUMNS` VALUES(NULL, 'information_schema', 'INNODB_RSEG', 'SPACE_ID', 2, '0', 'NO', 'bigint', NULL, NULL, 19, 0, NULL, NULL, 'bigint(21)', '', '', 'select', '');
INSERT INTO `COLUMNS` VALUES(NULL, 'information_schema', 'INNODB_RSEG', 'PAGE_NO', 3, '0', 'NO', 'bigint', NULL, NULL, 19, 0, NULL, NULL, 'bigint(21)', '', '', 'select', '');
INSERT INTO `COLUMNS` VALUES(NULL, 'information_schema', 'INNODB_RSEG', 'MAX_SIZE', 4, '0', 'NO', 'bigint', NULL, NULL, 19, 0, NULL, NULL, 'bigint(21)', '', '', 'select', '');
INSERT INTO `COLUMNS` VALUES(NULL, 'information_schema', 'INNODB_RSEG', 'CURR_SIZE', 5, '0', 'NO', 'bigint', NULL, NULL, 19, 0, NULL, NULL, 'bigint(21)', '', '', 'select', '');
INSERT INTO `COLUMNS` VALUES(NULL, 'musicsampler', 'song', 'id', 1, NULL, 'NO', 'int', NULL, NULL, 10, 0, NULL, NULL, 'int(10) unsigned', 'PRI', 'auto_increment', 'select,insert,update', '');
INSERT INTO `COLUMNS` VALUES(NULL, 'musicsampler', 'song', 'title', 2, NULL, 'NO', 'varchar', 45, 135, NULL, NULL, 'utf8', 'utf8_general_ci', 'varchar(45)', '', '', 'select,insert,update', '');
INSERT INTO `COLUMNS` VALUES(NULL, 'musicsampler', 'song', 'artist', 3, NULL, 'NO', 'varchar', 45, 135, NULL, NULL, 'utf8', 'utf8_general_ci', 'varchar(45)', '', '', 'select,insert,update', '');
INSERT INTO `COLUMNS` VALUES(NULL, 'musicsampler', 'song', 'album', 4, NULL, 'NO', 'varchar', 45, 135, NULL, NULL, 'utf8', 'utf8_general_ci', 'varchar(45)', '', '', 'select,insert,update', '');
INSERT INTO `COLUMNS` VALUES(NULL, 'musicsampler', 'song', 'comments', 5, NULL, 'YES', 'varchar', 1024, 3072, NULL, NULL, 'utf8', 'utf8_general_ci', 'varchar(1024)', '', '', 'select,insert,update', '');
INSERT INTO `COLUMNS` VALUES(NULL, 'musicsampler', 'song', 'track', 6, NULL, 'NO', 'int', NULL, NULL, 10, 0, NULL, NULL, 'int(2) unsigned', '', '', 'select,insert,update', '');
INSERT INTO `COLUMNS` VALUES(NULL, 'musicsampler', 'song', 'release_year', 7, NULL, 'NO', 'int', NULL, NULL, 10, 0, NULL, NULL, 'int(4) unsigned', '', '', 'select,insert,update', '');

-- --------------------------------------------------------

--
-- Table structure for table `COLUMN_PRIVILEGES`
--

CREATE TEMPORARY TABLE `COLUMN_PRIVILEGES` (
  `GRANTEE` varchar(81) NOT NULL default '',
  `TABLE_CATALOG` varchar(512) default NULL,
  `TABLE_SCHEMA` varchar(64) NOT NULL default '',
  `TABLE_NAME` varchar(64) NOT NULL default '',
  `COLUMN_NAME` varchar(64) NOT NULL default '',
  `PRIVILEGE_TYPE` varchar(64) NOT NULL default '',
  `IS_GRANTABLE` varchar(3) NOT NULL default ''
) ENGINE=MEMORY DEFAULT CHARSET=utf8;

--
-- Dumping data for table `COLUMN_PRIVILEGES`
--


-- --------------------------------------------------------

--
-- Table structure for table `INNODB_BUFFER_POOL_CONTENT`
--

CREATE TEMPORARY TABLE `INNODB_BUFFER_POOL_CONTENT` (
  `BLOCK_NUM` bigint(21) NOT NULL default '0',
  `SPACE` bigint(21) NOT NULL default '0',
  `OFFSET` bigint(21) NOT NULL default '0',
  `RECORDS` bigint(21) NOT NULL default '0',
  `DATASIZE` bigint(21) NOT NULL default '0',
  `FLUSH_TYPE` bigint(21) NOT NULL default '0',
  `FIX_COUNT` bigint(21) NOT NULL default '0',
  `LRU_POSITION` bigint(21) NOT NULL default '0',
  `PAGE_TYPE_ID` bigint(21) NOT NULL default '0',
  `PAGE_TYPE` varchar(64) NOT NULL default '',
  `INDEX_NAME` varchar(64) NOT NULL default '',
  `TABLE_SCHEMA` varchar(64) NOT NULL default '',
  `TABLE_NAME` varchar(64) NOT NULL default ''
) ENGINE=MEMORY DEFAULT CHARSET=utf8;

--
-- Dumping data for table `INNODB_BUFFER_POOL_CONTENT`
--

-- in use (#1227 - Access denied; you need the PROCESS privilege for this operation)

-- --------------------------------------------------------

--
-- Table structure for table `INDEX_STATISTICS`
--

CREATE TEMPORARY TABLE `INDEX_STATISTICS` (
  `TABLE_SCHEMA` varchar(64) NOT NULL default '',
  `TABLE_NAME` varchar(64) NOT NULL default '',
  `INDEX_NAME` varchar(64) NOT NULL default '',
  `ROWS_READ` bigint(21) NOT NULL default '0'
) ENGINE=MEMORY DEFAULT CHARSET=utf8;

--
-- Dumping data for table `INDEX_STATISTICS`
--

INSERT INTO `INDEX_STATISTICS` VALUES('musicsampler', 'song', 'PRIMARY', 216);

-- --------------------------------------------------------

--
-- Table structure for table `KEY_COLUMN_USAGE`
--

CREATE TEMPORARY TABLE `KEY_COLUMN_USAGE` (
  `CONSTRAINT_CATALOG` varchar(512) default NULL,
  `CONSTRAINT_SCHEMA` varchar(64) NOT NULL default '',
  `CONSTRAINT_NAME` varchar(64) NOT NULL default '',
  `TABLE_CATALOG` varchar(512) default NULL,
  `TABLE_SCHEMA` varchar(64) NOT NULL default '',
  `TABLE_NAME` varchar(64) NOT NULL default '',
  `COLUMN_NAME` varchar(64) NOT NULL default '',
  `ORDINAL_POSITION` bigint(10) NOT NULL default '0',
  `POSITION_IN_UNIQUE_CONSTRAINT` bigint(10) default NULL,
  `REFERENCED_TABLE_SCHEMA` varchar(64) default NULL,
  `REFERENCED_TABLE_NAME` varchar(64) default NULL,
  `REFERENCED_COLUMN_NAME` varchar(64) default NULL
) ENGINE=MEMORY DEFAULT CHARSET=utf8;

--
-- Dumping data for table `KEY_COLUMN_USAGE`
--

INSERT INTO `KEY_COLUMN_USAGE` VALUES(NULL, 'musicsampler', 'PRIMARY', NULL, 'musicsampler', 'song', 'id', 1, NULL, NULL, NULL, NULL);

-- --------------------------------------------------------

--
-- Table structure for table `PROCESSLIST`
--

CREATE TEMPORARY TABLE `PROCESSLIST` (
  `ID` bigint(4) NOT NULL default '0',
  `USER` varchar(16) NOT NULL default '',
  `HOST` varchar(64) NOT NULL default '',
  `DB` varchar(64) default NULL,
  `COMMAND` varchar(16) NOT NULL default '',
  `TIME` bigint(7) NOT NULL default '0',
  `STATE` varchar(64) default NULL,
  `INFO` longtext,
  `TIME_MS` decimal(22,3) NOT NULL default '0.000'
) ENGINE=MyISAM DEFAULT CHARSET=utf8;

--
-- Dumping data for table `PROCESSLIST`
--

INSERT INTO `PROCESSLIST` VALUES(4522296, 'musicsampler', '68.178.254.57:48862', NULL, 'Query', 0, 'executing', 'SELECT * FROM `information_schema`.`PROCESSLIST`', 0.850);

-- --------------------------------------------------------

--
-- Table structure for table `PROFILING`
--

CREATE TEMPORARY TABLE `PROFILING` (
  `QUERY_ID` bigint(20) NOT NULL default '0',
  `SEQ` bigint(20) NOT NULL default '0',
  `STATE` varchar(30) NOT NULL default '',
  `DURATION` decimal(9,6) NOT NULL default '0.000000',
  `CPU_USER` decimal(9,6) default NULL,
  `CPU_SYSTEM` decimal(9,6) default NULL,
  `CONTEXT_VOLUNTARY` bigint(20) default NULL,
  `CONTEXT_INVOLUNTARY` bigint(20) default NULL,
  `BLOCK_OPS_IN` bigint(20) default NULL,
  `BLOCK_OPS_OUT` bigint(20) default NULL,
  `MESSAGES_SENT` bigint(20) default NULL,
  `MESSAGES_RECEIVED` bigint(20) default NULL,
  `PAGE_FAULTS_MAJOR` bigint(20) default NULL,
  `PAGE_FAULTS_MINOR` bigint(20) default NULL,
  `SWAPS` bigint(20) default NULL,
  `SOURCE_FUNCTION` varchar(30) default NULL,
  `SOURCE_FILE` varchar(20) default NULL,
  `SOURCE_LINE` bigint(20) default NULL
) ENGINE=MEMORY DEFAULT CHARSET=utf8;

--
-- Dumping data for table `PROFILING`
--


-- --------------------------------------------------------

--
-- Table structure for table `ROUTINES`
--

CREATE TEMPORARY TABLE `ROUTINES` (
  `SPECIFIC_NAME` varchar(64) NOT NULL default '',
  `ROUTINE_CATALOG` varchar(512) default NULL,
  `ROUTINE_SCHEMA` varchar(64) NOT NULL default '',
  `ROUTINE_NAME` varchar(64) NOT NULL default '',
  `ROUTINE_TYPE` varchar(9) NOT NULL default '',
  `DTD_IDENTIFIER` varchar(64) default NULL,
  `ROUTINE_BODY` varchar(8) NOT NULL default '',
  `ROUTINE_DEFINITION` longtext,
  `EXTERNAL_NAME` varchar(64) default NULL,
  `EXTERNAL_LANGUAGE` varchar(64) default NULL,
  `PARAMETER_STYLE` varchar(8) NOT NULL default '',
  `IS_DETERMINISTIC` varchar(3) NOT NULL default '',
  `SQL_DATA_ACCESS` varchar(64) NOT NULL default '',
  `SQL_PATH` varchar(64) default NULL,
  `SECURITY_TYPE` varchar(7) NOT NULL default '',
  `CREATED` datetime NOT NULL default '0000-00-00 00:00:00',
  `LAST_ALTERED` datetime NOT NULL default '0000-00-00 00:00:00',
  `SQL_MODE` longtext NOT NULL,
  `ROUTINE_COMMENT` varchar(64) NOT NULL default '',
  `DEFINER` varchar(77) NOT NULL default ''
) ENGINE=MyISAM DEFAULT CHARSET=utf8;

--
-- Dumping data for table `ROUTINES`
--


-- --------------------------------------------------------

--
-- Table structure for table `SCHEMATA`
--

CREATE TEMPORARY TABLE `SCHEMATA` (
  `CATALOG_NAME` varchar(512) default NULL,
  `SCHEMA_NAME` varchar(64) NOT NULL default '',
  `DEFAULT_CHARACTER_SET_NAME` varchar(64) NOT NULL default '',
  `DEFAULT_COLLATION_NAME` varchar(64) NOT NULL default '',
  `SQL_PATH` varchar(512) default NULL
) ENGINE=MEMORY DEFAULT CHARSET=utf8;

--
-- Dumping data for table `SCHEMATA`
--

INSERT INTO `SCHEMATA` VALUES(NULL, 'information_schema', 'utf8', 'utf8_general_ci', NULL);
INSERT INTO `SCHEMATA` VALUES(NULL, 'musicsampler', 'utf8', 'utf8_general_ci', NULL);

-- --------------------------------------------------------

--
-- Table structure for table `SCHEMA_PRIVILEGES`
--

CREATE TEMPORARY TABLE `SCHEMA_PRIVILEGES` (
  `GRANTEE` varchar(81) NOT NULL default '',
  `TABLE_CATALOG` varchar(512) default NULL,
  `TABLE_SCHEMA` varchar(64) NOT NULL default '',
  `PRIVILEGE_TYPE` varchar(64) NOT NULL default '',
  `IS_GRANTABLE` varchar(3) NOT NULL default ''
) ENGINE=MEMORY DEFAULT CHARSET=utf8;

--
-- Dumping data for table `SCHEMA_PRIVILEGES`
--

INSERT INTO `SCHEMA_PRIVILEGES` VALUES('''musicsampler''@''%''', NULL, 'musicsampler', 'SELECT', 'NO');
INSERT INTO `SCHEMA_PRIVILEGES` VALUES('''musicsampler''@''%''', NULL, 'musicsampler', 'INSERT', 'NO');
INSERT INTO `SCHEMA_PRIVILEGES` VALUES('''musicsampler''@''%''', NULL, 'musicsampler', 'UPDATE', 'NO');
INSERT INTO `SCHEMA_PRIVILEGES` VALUES('''musicsampler''@''%''', NULL, 'musicsampler', 'DELETE', 'NO');
INSERT INTO `SCHEMA_PRIVILEGES` VALUES('''musicsampler''@''%''', NULL, 'musicsampler', 'CREATE', 'NO');
INSERT INTO `SCHEMA_PRIVILEGES` VALUES('''musicsampler''@''%''', NULL, 'musicsampler', 'DROP', 'NO');
INSERT INTO `SCHEMA_PRIVILEGES` VALUES('''musicsampler''@''%''', NULL, 'musicsampler', 'INDEX', 'NO');
INSERT INTO `SCHEMA_PRIVILEGES` VALUES('''musicsampler''@''%''', NULL, 'musicsampler', 'ALTER', 'NO');
INSERT INTO `SCHEMA_PRIVILEGES` VALUES('''musicsampler''@''%''', NULL, 'musicsampler', 'CREATE TEMPORARY TABLES', 'NO');
INSERT INTO `SCHEMA_PRIVILEGES` VALUES('''musicsampler''@''%''', NULL, 'musicsampler', 'LOCK TABLES', 'NO');
INSERT INTO `SCHEMA_PRIVILEGES` VALUES('''musicsampler''@''%''', NULL, 'musicsampler', 'EXECUTE', 'NO');
INSERT INTO `SCHEMA_PRIVILEGES` VALUES('''musicsampler''@''%''', NULL, 'musicsampler', 'CREATE VIEW', 'NO');
INSERT INTO `SCHEMA_PRIVILEGES` VALUES('''musicsampler''@''%''', NULL, 'musicsampler', 'SHOW VIEW', 'NO');
INSERT INTO `SCHEMA_PRIVILEGES` VALUES('''musicsampler''@''%''', NULL, 'musicsampler', 'CREATE ROUTINE', 'NO');
INSERT INTO `SCHEMA_PRIVILEGES` VALUES('''musicsampler''@''%''', NULL, 'musicsampler', 'ALTER ROUTINE', 'NO');

-- --------------------------------------------------------

--
-- Table structure for table `STATISTICS`
--

CREATE TEMPORARY TABLE `STATISTICS` (
  `TABLE_CATALOG` varchar(512) default NULL,
  `TABLE_SCHEMA` varchar(64) NOT NULL default '',
  `TABLE_NAME` varchar(64) NOT NULL default '',
  `NON_UNIQUE` bigint(1) NOT NULL default '0',
  `INDEX_SCHEMA` varchar(64) NOT NULL default '',
  `INDEX_NAME` varchar(64) NOT NULL default '',
  `SEQ_IN_INDEX` bigint(2) NOT NULL default '0',
  `COLUMN_NAME` varchar(64) NOT NULL default '',
  `COLLATION` varchar(1) default NULL,
  `CARDINALITY` bigint(21) default NULL,
  `SUB_PART` bigint(3) default NULL,
  `PACKED` varchar(10) default NULL,
  `NULLABLE` varchar(3) NOT NULL default '',
  `INDEX_TYPE` varchar(16) NOT NULL default '',
  `COMMENT` varchar(16) default NULL
) ENGINE=MEMORY DEFAULT CHARSET=utf8;

--
-- Dumping data for table `STATISTICS`
--

INSERT INTO `STATISTICS` VALUES(NULL, 'musicsampler', 'song', 0, 'musicsampler', 'PRIMARY', 1, 'id', 'A', 51, NULL, NULL, '', 'BTREE', '');

-- --------------------------------------------------------

--
-- Table structure for table `TABLES`
--

CREATE TEMPORARY TABLE `TABLES` (
  `TABLE_CATALOG` varchar(512) default NULL,
  `TABLE_SCHEMA` varchar(64) NOT NULL default '',
  `TABLE_NAME` varchar(64) NOT NULL default '',
  `TABLE_TYPE` varchar(64) NOT NULL default '',
  `ENGINE` varchar(64) default NULL,
  `VERSION` bigint(21) default NULL,
  `ROW_FORMAT` varchar(10) default NULL,
  `TABLE_ROWS` bigint(21) default NULL,
  `AVG_ROW_LENGTH` bigint(21) default NULL,
  `DATA_LENGTH` bigint(21) default NULL,
  `MAX_DATA_LENGTH` bigint(21) default NULL,
  `INDEX_LENGTH` bigint(21) default NULL,
  `DATA_FREE` bigint(21) default NULL,
  `AUTO_INCREMENT` bigint(21) default NULL,
  `CREATE_TIME` datetime default NULL,
  `UPDATE_TIME` datetime default NULL,
  `CHECK_TIME` datetime default NULL,
  `TABLE_COLLATION` varchar(64) default NULL,
  `CHECKSUM` bigint(21) default NULL,
  `CREATE_OPTIONS` varchar(255) default NULL,
  `TABLE_COMMENT` varchar(80) NOT NULL default ''
) ENGINE=MEMORY DEFAULT CHARSET=utf8;

--
-- Dumping data for table `TABLES`
--

INSERT INTO `TABLES` VALUES(NULL, 'information_schema', 'CHARACTER_SETS', 'SYSTEM VIEW', 'MEMORY', 0, 'Fixed', NULL, 576, 0, 8388288, 0, 0, NULL, NULL, NULL, NULL, 'utf8_general_ci', NULL, 'max_rows=14563', '');
INSERT INTO `TABLES` VALUES(NULL, 'information_schema', 'CLIENT_STATISTICS', 'SYSTEM VIEW', 'MEMORY', 0, 'Fixed', NULL, 354, 0, 8388384, 0, 0, NULL, NULL, NULL, NULL, 'utf8_general_ci', NULL, 'max_rows=23696', '');
INSERT INTO `TABLES` VALUES(NULL, 'information_schema', 'COLLATIONS', 'SYSTEM VIEW', 'MEMORY', 0, 'Fixed', NULL, 423, 0, 8388513, 0, 0, NULL, NULL, NULL, NULL, 'utf8_general_ci', NULL, 'max_rows=19831', '');
INSERT INTO `TABLES` VALUES(NULL, 'information_schema', 'COLLATION_CHARACTER_SET_APPLICABILITY', 'SYSTEM VIEW', 'MEMORY', 0, 'Fixed', NULL, 387, 0, 8388225, 0, 0, NULL, NULL, NULL, NULL, 'utf8_general_ci', NULL, 'max_rows=21675', '');
INSERT INTO `TABLES` VALUES(NULL, 'information_schema', 'COLUMNS', 'SYSTEM VIEW', 'MyISAM', 0, 'Dynamic', NULL, 0, 0, 281474976710655, 1024, 0, NULL, '2016-01-17 04:45:44', '2016-01-17 04:45:44', NULL, 'utf8_general_ci', NULL, 'max_rows=2178', '');
INSERT INTO `TABLES` VALUES(NULL, 'information_schema', 'COLUMN_PRIVILEGES', 'SYSTEM VIEW', 'MEMORY', 0, 'Fixed', NULL, 2565, 0, 8387550, 0, 0, NULL, NULL, NULL, NULL, 'utf8_general_ci', NULL, 'max_rows=3270', '');
INSERT INTO `TABLES` VALUES(NULL, 'information_schema', 'INNODB_BUFFER_POOL_CONTENT', 'SYSTEM VIEW', 'MEMORY', 0, 'Fixed', NULL, 845, 0, 8388315, 0, 0, NULL, NULL, NULL, NULL, 'utf8_general_ci', NULL, 'max_rows=9927', '');
INSERT INTO `TABLES` VALUES(NULL, 'information_schema', 'INDEX_STATISTICS', 'SYSTEM VIEW', 'MEMORY', 0, 'Fixed', NULL, 588, 0, 8388408, 0, 0, NULL, NULL, NULL, NULL, 'utf8_general_ci', NULL, 'max_rows=14266', '');
INSERT INTO `TABLES` VALUES(NULL, 'information_schema', 'KEY_COLUMN_USAGE', 'SYSTEM VIEW', 'MEMORY', 0, 'Fixed', NULL, 4637, 0, 8388333, 0, 0, NULL, NULL, NULL, NULL, 'utf8_general_ci', NULL, 'max_rows=1809', '');
INSERT INTO `TABLES` VALUES(NULL, 'information_schema', 'PROCESSLIST', 'SYSTEM VIEW', 'MyISAM', 0, 'Dynamic', NULL, 0, 0, 281474976710655, 1024, 0, NULL, '2016-01-17 04:45:44', '2016-01-17 04:45:44', NULL, 'utf8_general_ci', NULL, 'max_rows=11699', '');
INSERT INTO `TABLES` VALUES(NULL, 'information_schema', 'PROFILING', 'SYSTEM VIEW', 'MEMORY', 0, 'Fixed', NULL, 356, 0, 8388428, 0, 0, NULL, NULL, NULL, NULL, 'utf8_general_ci', NULL, 'max_rows=23563', '');
INSERT INTO `TABLES` VALUES(NULL, 'information_schema', 'ROUTINES', 'SYSTEM VIEW', 'MyISAM', 0, 'Dynamic', NULL, 0, 0, 281474976710655, 1024, 0, NULL, '2016-01-17 04:45:44', '2016-01-17 04:45:44', NULL, 'utf8_general_ci', NULL, 'max_rows=2293', '');
INSERT INTO `TABLES` VALUES(NULL, 'information_schema', 'SCHEMATA', 'SYSTEM VIEW', 'MEMORY', 0, 'Fixed', NULL, 3656, 0, 8386864, 0, 0, NULL, NULL, NULL, NULL, 'utf8_general_ci', NULL, 'max_rows=2294', '');
INSERT INTO `TABLES` VALUES(NULL, 'information_schema', 'SCHEMA_PRIVILEGES', 'SYSTEM VIEW', 'MEMORY', 0, 'Fixed', NULL, 2179, 0, 8386971, 0, 0, NULL, NULL, NULL, NULL, 'utf8_general_ci', NULL, 'max_rows=3849', '');
INSERT INTO `TABLES` VALUES(NULL, 'information_schema', 'STATISTICS', 'SYSTEM VIEW', 'MEMORY', 0, 'Fixed', NULL, 2679, 0, 8387949, 0, 0, NULL, NULL, NULL, NULL, 'utf8_general_ci', NULL, 'max_rows=3131', '');
INSERT INTO `TABLES` VALUES(NULL, 'information_schema', 'TABLES', 'SYSTEM VIEW', 'MEMORY', 0, 'Fixed', NULL, 3641, 0, 8385223, 0, 0, NULL, NULL, NULL, NULL, 'utf8_general_ci', NULL, 'max_rows=2303', '');
INSERT INTO `TABLES` VALUES(NULL, 'information_schema', 'TABLE_CONSTRAINTS', 'SYSTEM VIEW', 'MEMORY', 0, 'Fixed', NULL, 2504, 0, 8388400, 0, 0, NULL, NULL, NULL, NULL, 'utf8_general_ci', NULL, 'max_rows=3350', '');
INSERT INTO `TABLES` VALUES(NULL, 'information_schema', 'TABLE_PRIVILEGES', 'SYSTEM VIEW', 'MEMORY', 0, 'Fixed', NULL, 2372, 0, 8387392, 0, 0, NULL, NULL, NULL, NULL, 'utf8_general_ci', NULL, 'max_rows=3536', '');
INSERT INTO `TABLES` VALUES(NULL, 'information_schema', 'TABLE_STATISTICS', 'SYSTEM VIEW', 'MEMORY', 0, 'Fixed', NULL, 411, 0, 8388510, 0, 0, NULL, NULL, NULL, NULL, 'utf8_general_ci', NULL, 'max_rows=20410', '');
INSERT INTO `TABLES` VALUES(NULL, 'information_schema', 'TRIGGERS', 'SYSTEM VIEW', 'MyISAM', 0, 'Dynamic', NULL, 0, 0, 281474976710655, 1024, 0, NULL, '2016-01-17 04:45:44', '2016-01-17 04:45:44', NULL, 'utf8_general_ci', NULL, 'max_rows=1913', '');
INSERT INTO `TABLES` VALUES(NULL, 'information_schema', 'USER_PRIVILEGES', 'SYSTEM VIEW', 'MEMORY', 0, 'Fixed', NULL, 1986, 0, 8386878, 0, 0, NULL, NULL, NULL, NULL, 'utf8_general_ci', NULL, 'max_rows=4223', '');
INSERT INTO `TABLES` VALUES(NULL, 'information_schema', 'USER_STATISTICS', 'SYSTEM VIEW', 'MEMORY', 0, 'Fixed', NULL, 210, 0, 8388450, 0, 0, NULL, NULL, NULL, NULL, 'utf8_general_ci', NULL, 'max_rows=39945', '');
INSERT INTO `TABLES` VALUES(NULL, 'information_schema', 'VIEWS', 'SYSTEM VIEW', 'MyISAM', 0, 'Dynamic', NULL, 0, 0, 281474976710655, 1024, 0, NULL, '2016-01-17 04:45:44', '2016-01-17 04:45:44', NULL, 'utf8_general_ci', NULL, 'max_rows=3768', '');
INSERT INTO `TABLES` VALUES(NULL, 'information_schema', 'INNODB_IO_PATTERN', 'SYSTEM VIEW', 'MEMORY', 0, 'Fixed', NULL, 235, 0, 8388560, 0, 0, NULL, NULL, NULL, NULL, 'utf8_general_ci', NULL, 'max_rows=35696', '');
INSERT INTO `TABLES` VALUES(NULL, 'information_schema', 'INNODB_RSEG', 'SYSTEM VIEW', 'MEMORY', 0, 'Fixed', NULL, 41, 0, 8388600, 0, 0, NULL, NULL, NULL, NULL, 'utf8_general_ci', NULL, 'max_rows=204600', '');
INSERT INTO `TABLES` VALUES(NULL, 'musicsampler', 'song', 'BASE TABLE', 'InnoDB', 10, 'Compact', 51, 963, 49152, 0, 0, 0, 39, '2012-02-16 06:08:15', NULL, NULL, 'utf8_general_ci', NULL, '', 'InnoDB free: 120832 kB');

-- --------------------------------------------------------

--
-- Table structure for table `TABLE_CONSTRAINTS`
--

CREATE TEMPORARY TABLE `TABLE_CONSTRAINTS` (
  `CONSTRAINT_CATALOG` varchar(512) default NULL,
  `CONSTRAINT_SCHEMA` varchar(64) NOT NULL default '',
  `CONSTRAINT_NAME` varchar(64) NOT NULL default '',
  `TABLE_SCHEMA` varchar(64) NOT NULL default '',
  `TABLE_NAME` varchar(64) NOT NULL default '',
  `CONSTRAINT_TYPE` varchar(64) NOT NULL default ''
) ENGINE=MEMORY DEFAULT CHARSET=utf8;

--
-- Dumping data for table `TABLE_CONSTRAINTS`
--

INSERT INTO `TABLE_CONSTRAINTS` VALUES(NULL, 'musicsampler', 'PRIMARY', 'musicsampler', 'song', 'PRIMARY KEY');

-- --------------------------------------------------------

--
-- Table structure for table `TABLE_PRIVILEGES`
--

CREATE TEMPORARY TABLE `TABLE_PRIVILEGES` (
  `GRANTEE` varchar(81) NOT NULL default '',
  `TABLE_CATALOG` varchar(512) default NULL,
  `TABLE_SCHEMA` varchar(64) NOT NULL default '',
  `TABLE_NAME` varchar(64) NOT NULL default '',
  `PRIVILEGE_TYPE` varchar(64) NOT NULL default '',
  `IS_GRANTABLE` varchar(3) NOT NULL default ''
) ENGINE=MEMORY DEFAULT CHARSET=utf8;

--
-- Dumping data for table `TABLE_PRIVILEGES`
--


-- --------------------------------------------------------

--
-- Table structure for table `TABLE_STATISTICS`
--

CREATE TEMPORARY TABLE `TABLE_STATISTICS` (
  `TABLE_SCHEMA` varchar(64) NOT NULL default '',
  `TABLE_NAME` varchar(64) NOT NULL default '',
  `ROWS_READ` bigint(21) NOT NULL default '0',
  `ROWS_CHANGED` bigint(21) NOT NULL default '0',
  `ROWS_CHANGED_X_INDEXES` bigint(21) NOT NULL default '0'
) ENGINE=MEMORY DEFAULT CHARSET=utf8;

--
-- Dumping data for table `TABLE_STATISTICS`
--

INSERT INTO `TABLE_STATISTICS` VALUES('musicsampler', 'song', 216, 0, 0);

-- --------------------------------------------------------

--
-- Table structure for table `TRIGGERS`
--

CREATE TEMPORARY TABLE `TRIGGERS` (
  `TRIGGER_CATALOG` varchar(512) default NULL,
  `TRIGGER_SCHEMA` varchar(64) NOT NULL default '',
  `TRIGGER_NAME` varchar(64) NOT NULL default '',
  `EVENT_MANIPULATION` varchar(6) NOT NULL default '',
  `EVENT_OBJECT_CATALOG` varchar(512) default NULL,
  `EVENT_OBJECT_SCHEMA` varchar(64) NOT NULL default '',
  `EVENT_OBJECT_TABLE` varchar(64) NOT NULL default '',
  `ACTION_ORDER` bigint(4) NOT NULL default '0',
  `ACTION_CONDITION` longtext,
  `ACTION_STATEMENT` longtext NOT NULL,
  `ACTION_ORIENTATION` varchar(9) NOT NULL default '',
  `ACTION_TIMING` varchar(6) NOT NULL default '',
  `ACTION_REFERENCE_OLD_TABLE` varchar(64) default NULL,
  `ACTION_REFERENCE_NEW_TABLE` varchar(64) default NULL,
  `ACTION_REFERENCE_OLD_ROW` varchar(3) NOT NULL default '',
  `ACTION_REFERENCE_NEW_ROW` varchar(3) NOT NULL default '',
  `CREATED` datetime default NULL,
  `SQL_MODE` longtext NOT NULL,
  `DEFINER` longtext NOT NULL
) ENGINE=MyISAM DEFAULT CHARSET=utf8;

--
-- Dumping data for table `TRIGGERS`
--


-- --------------------------------------------------------

--
-- Table structure for table `USER_PRIVILEGES`
--

CREATE TEMPORARY TABLE `USER_PRIVILEGES` (
  `GRANTEE` varchar(81) NOT NULL default '',
  `TABLE_CATALOG` varchar(512) default NULL,
  `PRIVILEGE_TYPE` varchar(64) NOT NULL default '',
  `IS_GRANTABLE` varchar(3) NOT NULL default ''
) ENGINE=MEMORY DEFAULT CHARSET=utf8;

--
-- Dumping data for table `USER_PRIVILEGES`
--

INSERT INTO `USER_PRIVILEGES` VALUES('''musicsampler''@''%''', NULL, 'USAGE', 'NO');

-- --------------------------------------------------------

--
-- Table structure for table `USER_STATISTICS`
--

CREATE TEMPORARY TABLE `USER_STATISTICS` (
  `USER` varchar(16) NOT NULL default '',
  `TOTAL_CONNECTIONS` bigint(21) NOT NULL default '0',
  `CONCURRENT_CONNECTIONS` bigint(21) NOT NULL default '0',
  `CONNECTED_TIME` bigint(21) NOT NULL default '0',
  `BUSY_TIME` bigint(21) NOT NULL default '0',
  `CPU_TIME` bigint(21) NOT NULL default '0',
  `BYTES_RECEIVED` bigint(21) NOT NULL default '0',
  `BYTES_SENT` bigint(21) NOT NULL default '0',
  `BINLOG_BYTES_WRITTEN` bigint(21) NOT NULL default '0',
  `ROWS_FETCHED` bigint(21) NOT NULL default '0',
  `ROWS_UPDATED` bigint(21) NOT NULL default '0',
  `TABLE_ROWS_READ` bigint(21) NOT NULL default '0',
  `SELECT_COMMANDS` bigint(21) NOT NULL default '0',
  `UPDATE_COMMANDS` bigint(21) NOT NULL default '0',
  `OTHER_COMMANDS` bigint(21) NOT NULL default '0',
  `COMMIT_TRANSACTIONS` bigint(21) NOT NULL default '0',
  `ROLLBACK_TRANSACTIONS` bigint(21) NOT NULL default '0',
  `DENIED_CONNECTIONS` bigint(21) NOT NULL default '0',
  `LOST_CONNECTIONS` bigint(21) NOT NULL default '0',
  `ACCESS_DENIED` bigint(21) NOT NULL default '0',
  `EMPTY_QUERIES` bigint(21) NOT NULL default '0'
) ENGINE=MEMORY DEFAULT CHARSET=utf8;

--
-- Dumping data for table `USER_STATISTICS`
--

-- in use (#1227 - Access denied; you need the PROCESS,SUPER privilege for this operation)

-- --------------------------------------------------------

--
-- Table structure for table `VIEWS`
--

CREATE TEMPORARY TABLE `VIEWS` (
  `TABLE_CATALOG` varchar(512) default NULL,
  `TABLE_SCHEMA` varchar(64) NOT NULL default '',
  `TABLE_NAME` varchar(64) NOT NULL default '',
  `VIEW_DEFINITION` longtext NOT NULL,
  `CHECK_OPTION` varchar(8) NOT NULL default '',
  `IS_UPDATABLE` varchar(3) NOT NULL default '',
  `DEFINER` varchar(77) NOT NULL default '',
  `SECURITY_TYPE` varchar(7) NOT NULL default ''
) ENGINE=MyISAM DEFAULT CHARSET=utf8;

--
-- Dumping data for table `VIEWS`
--


-- --------------------------------------------------------

--
-- Table structure for table `INNODB_IO_PATTERN`
--

CREATE TEMPORARY TABLE `INNODB_IO_PATTERN` (
  `SPACE` bigint(11) NOT NULL default '0',
  `OFFSET` bigint(11) NOT NULL default '0',
  `INDEX_ID` bigint(11) NOT NULL default '0',
  `TABLE_NAME` varchar(32) NOT NULL default '',
  `INDEX_NAME` varchar(32) NOT NULL default '',
  `N_READ` bigint(11) NOT NULL default '0',
  `N_WRITE` bigint(11) NOT NULL default '0'
) ENGINE=MEMORY DEFAULT CHARSET=utf8;

--
-- Dumping data for table `INNODB_IO_PATTERN`
--

-- in use (#1227 - Access denied; you need the PROCESS privilege for this operation)

-- --------------------------------------------------------

--
-- Table structure for table `INNODB_RSEG`
--

CREATE TEMPORARY TABLE `INNODB_RSEG` (
  `RSEG_ID` bigint(21) NOT NULL default '0',
  `SPACE_ID` bigint(21) NOT NULL default '0',
  `PAGE_NO` bigint(21) NOT NULL default '0',
  `MAX_SIZE` bigint(21) NOT NULL default '0',
  `CURR_SIZE` bigint(21) NOT NULL default '0'
) ENGINE=MEMORY DEFAULT CHARSET=utf8;

--
-- Dumping data for table `INNODB_RSEG`
--

-- in use (#1227 - Access denied; you need the PROCESS privilege for this operation)
--
-- Database: `musicsampler`
--
CREATE DATABASE `musicsampler` DEFAULT CHARACTER SET utf8 COLLATE utf8_general_ci;
USE `musicsampler`;

-- --------------------------------------------------------

--
-- Table structure for table `song`
--

CREATE TABLE `song` (
  `id` int(10) unsigned NOT NULL auto_increment,
  `title` varchar(45) NOT NULL,
  `artist` varchar(45) NOT NULL,
  `album` varchar(45) NOT NULL,
  `comments` varchar(2048) default NULL,
  `track` int(2) unsigned NOT NULL,
  `release_year` int(4) unsigned NOT NULL,
  PRIMARY KEY  (`id`)
) ENGINE=InnoDB  DEFAULT CHARSET=utf8 AUTO_INCREMENT=39 ;

--
-- Dumping data for table `song`
--

INSERT INTO `song` VALUES(1, 'E-Pro', 'Beck', 'Guero', 'Beck returned to his party-boy form this year with Guero.  After the very down Sea Change in 2003, it was time for the Loser to bring back the fun.  His performance on Saturday Night Live was a preview of his concert at Roy Wilkins Auditorium that I had the good fortune of attending.  In this typical nerd-inspired self mockery, the stage show included a non-instrument playing band member dressed in Beck-chic short-sleeve button down shirt with a black tie and wrist bands.  His only role was to bang on a piece of garbage with a drum stick and dance around inciting the crowd.  He had me grinning from ear-to-ear.   The other standout track on Guero is \\''Girl\\'' which was a close second for inclusion in this sampler.  Beck has a favorite of Amy and mine going back to my earliest days in Minnesota in the winter of 94.  He and I are almost exactly the same age and in some strange way I feel like I really identify with him.', 1, 2005);
INSERT INTO `song` VALUES(2, 'A Few Steps More', 'Monade', 'A Few Steps More', '2005 was an unusual year in that there was no new LP from Stereolab.  The prolific group usually gifts me with one album per year.  As an excellent consolation prize we did get a new album by Monade, the side project of the lab\\''s lead singer Laetitia Sadier.  Although quite different, the similarities can be heard and certainly Laetitia\\''s vocals provide a very similar and comforting sound.  This was another wonderful live show that I got to attend this year.  Amy, Paul and Jennifer H, and I saw then in the 7th Street entry after the smoking ban went into effect.  We stood against the stage as I once again found myself grinning from ear-to-ear feeling completely inspired by the moment.  It was only my second show at "the Entry" but it solidified my admiration of it as an intimate and legendary venue in Minneapolis.  Plus, I didn\\''t have to leave my clothes outside for the week after the show!', 2, 2005);
INSERT INTO `song` VALUES(3, 'Here Comes The Summer', 'The Fiery Furnaces', 'EP', 'In the first weeks of 2005 I was blissfully enjoying my love affair with the online music service Rhapsody.  At the time, EP, the newest release by Fiery Furnaces (a brother and sister group from Brooklyn) was the featured album of the day.  I was really drawn to Eleanor Friedberger\\''s conventional voice and their slightly dissonant sound that somehow resulted in very listenable pop.  I admire these guys because they are young, prolific, unconventional and very original.  I saw them live at the Fine Line and was a bit disappointed.  They didn\\''t play much if anything from EP, but it was still obvious that they are two very talented artists.  I may not like everything they put out, I\\''m glad I learned about them this year.', 3, 2005);
INSERT INTO `song` VALUES(4, 'Bloc Party', 'Banquet', 'Silent Alarm', 'Bloc Party sounds like an early eighties post-punk band.  It\\''s amazing that it\\''s been long enough since post-punk for a revival.  Bloc party does it well and makes for good party music.  I\\''m instantly brought back to "Boys Don\\''t Cry" by The Cure.  To me, they are what Franz Ferdinand was last year.  Not original?  Perhaps.  Fun?  Definitely.', 4, 2005);
INSERT INTO `song` VALUES(5, 'Mrs. Bartolozi', 'Kate Bush', 'Aerial', '1994 was the last time Kate Bush released an album.  She\\''s been one of my favorite artists since first discovering her.  I love her voice and her talent for theatrics and orchestration that is uncommon in popular music.  Aerial is a double album that didn\\''t depart from Kate\\''s typical style and I for one was happy about that.  The punch line here is that if you like Ms. Bush you will probably like this album.  Welcome back Babushka.', 5, 2005);
INSERT INTO `song` VALUES(6, 'Disco Infiltrator', 'LCD Soundsystem', 'LCD Soundsystem', 'The new MPR radio station the Current had to be the local music event of the year for me.  I am profoundly happy that we live in a town that has a station like the Current.  Not only because of the music they play, but also because it says that we live somewhere that there are enough people that appreciate the same music I do to have a station like the Current.  LCD Soundsystem was one of the first bands introduced to me by the Current.  LCD Soundsystem is James Murphy.  He is a DJ with a not-so subtle respect for other artists in the electronic and DJ genres.  The first single from the album is a track entitled "Daft Punk is Playing at My House" which had me intrigued immediately.  It was just the beginning of the joy of new music brought courtesy of the Current.', 6, 2005);
INSERT INTO `song` VALUES(7, '\\''64 Aka Go', 'Lemon Jelly', '\\''64-\\''95', 'I first learned about Lemon Jelly a few years ago while listening to the University of Minnesota college radio station.  They had a catchy, repetitive sound that I am typically a sucker for.  Their new album features songs with titles that correspond to years.  I haven\\''t spent the time to figure out the correlation between the year and the song.  Our featured song has a surprise guest vocalist.  Can you guess who it is?  Those of you who received my collection last year get a clue: he\\''s a repeat.', 7, 2005);
INSERT INTO `song` VALUES(8, 'Dare', 'Gorillaz', 'Demon Days', 'This comes from what is probably the most commercially popular album on my list.  Heck, I was even bonding with a hip high school girl at a recent holiday part about Gorllaz. "Dare" was not the big hit from the album, which was a song you may have heard, called "Feel Good Inc." which is a great pop single in its own right.  Gorillaz is an band that is made up of 4 animated characters.  The real person behind the band is former Blur front man Damon Albam.  I enjoy  Gorillaz, quite a bit but I like Blur even more.  For those of you not familiar with them if you like Gorillaz, you should probably heck out Blur as well.  This is a remixed version of Dare which I found extra fun.', 8, 2005);
INSERT INTO `song` VALUES(9, 'Beautiful', 'Goldfrapp', 'Number 1', 'I personally discovered Goldfrapp watching MTV2 about 4 years ago.  Apparently, someone at MTV still cared about music at that point (I\\''m sad to report MTV2 has since become an endless loop of Real World and Cribs reruns).  Alison Goldfrapp has a hauntingly beautiful voice and typically places it over really cool and sometimes retro-sounding electronica.  Although, she only released a 4 song EP in 2005, she, in my mind, is one of the most promising young artists in electronic music.  I\\''m dazzled by her voice (if it\\''s not already apparent, I\\''m a sucker for female - especially French, vocalists).', 9, 2005);
INSERT INTO `song` VALUES(10, 'Bells', 'Electrelane', 'Axes', 'What a surprise, Mike, more females!  Electreleane was a great discovery last year and are the only repeat artist on this year\\''s list.  I was disappointed to miss their show at First Avenue this year (see I really don\\''t make it to EVERY show in town).  I love their bass-heavy minimalist sound.  I did not enjoy their 2005 release, Axes, as much as 2004\\''s The Power Out, but it\\''s still an exciting new band that I\\''m keeping my eye on.', 10, 2005);
INSERT INTO `song` VALUES(11, 'Pinned To the Mist And Other Games', 'Of Montreal', 'The Sunlandic Twins', 'I\\''m a music nerd.  Hey - at least I admit it.  The latest evidence of this is that I periodically call in to DJ\\''s at the Current.  What do I call them for?  It varies.  Sometimes I want to let them know someone out there really likes what they are playing.  Sometimes I have a request.  Sometimes, I\\''m asking for advice on new music.  My favorite DJ at the Current is Mark Wheat who does the 7-12PM shift weekdays.  As part of compiling this CD I decided to cheat a little and call Mark to ask him what he would include on such a CD.  This entry and the Clap Your Hands Say Yeah song were recommendations of his.  This song, in particular, he said was the most requested song he had this year.  What do you think?', 11, 2005);
INSERT INTO `song` VALUES(12, 'Day Without You', 'Royksopp', 'The Understanding', 'Yet another Current find, Royksopp is the critical darling of the downtempo crowd.  They are the first band from Scandinavia  I\\''ve been into since the Cardigans.  Shortly after hearing about them on the Current, I read a review of their music written by Nick Hornby ("High Fidelity" and "About a Boy") that also led me to listen to them more.  For Norwegians, this electronica has a lot of soul to me.', 12, 2005);
INSERT INTO `song` VALUES(13, 'Skin Of My Yellow Country Teeth', 'Clap Your Hands Say Yeah', 'Clap Your Hands Say Yeah', 'Mark Wheat picked it don\\''t blame me.  Is it just me, or does this sound like a circa 1982 Talking Heads song?  Lyrics are fun and this is certainly not a boring or unoriginal group.  I really haven\\''t heard much else of theirs, so if you like it and learn more please let me know what you think.', 13, 2005);
INSERT INTO `song` VALUES(14, 'Le Plus Beau Du Quartier', 'Carla Bruni', 'Quelquun ma dit', 'Italian-born model and actress has been romatically linked with Mick Jagger, Eric Clapton, and Donald Trump.  This album has to vie for one of the sexiest covers of the year.  Plus, did I mention she sings in French?  I\\''m hooked.', 14, 2005);
INSERT INTO `song` VALUES(15, 'Krafty', 'New Order', 'Waiting for the Sirens Call', 'The fact that I had the self control to not only include just one song from the new New Order album but also make it the last song in the collection is out of character for me.  The highlight of the year for me musically was this album.  I have enough perspective to know that I have zero objectivity when it comes to New Order.  They have been one of my favorite bands for the past 20 years.  This year I went on a wild mid-week trip to see them play live in Chicago on a Tuesday night with Paul D and Mike L.  Barney, Hooky and the boys did not disappoint.  I have practically worn through one copy of this CD this year.  I\\''m happy to have music that I enjoy so much.  I wish the same pleasure for you.', 15, 2005);
INSERT INTO `song` VALUES(16, 'Black Belt', 'Teddy Bears', 'Soft Machine', 'I know it\\''s hard to believe, but there are times when sitting at a computer for 8 to 10 hours a day can get a bit mundane.  Sometimes, the only remedy is some good old fashioned house music to help get you over the hump and put an instant smile on your face.  This selection comes from fellow geek Serge who undoubtedly uses it for a different purpose - motivation during a workout or run.  Either way, this was a great new find of 2006.  I think you\\''ll find the whole album perfect for dancing, driving fast, parties, workouts, and of course geeking out.', 1, 2006);
INSERT INTO `song` VALUES(17, 'Gotta Reason', 'Hard-Fi', 'Stars of CC-TV', 'In preparing this list I sent out an APB to others in the "Rhapsody Revolution" for items on their heavy rotation list.  Brad H. responded with a list that contained Hard-Fi and I\\''m sure glad he did.  Young Bradley discovered a gem here.  This is a very listenable Brit Pop album from start to finish with songs that recall The Clash, Pulp and The Specials.  It was a tough task to choose one from this album.', 2, 2006);
INSERT INTO `song` VALUES(18, 'Get a Shot of the Refrigerator', 'Stereolab', 'Fab Four Suture', 'Yawn, another sampler... another Stereolab song...  Sorry guys, sometimes you sacrifice originality for quality.  I must say it wasn\\''t a great year for the Groop.  They put out this collection of songs that were actually released in 2005 as a trio of 12" maxi singles on vinyl only. ON VINYL ONLY!  I mean I appreciate the esoteric artist probably more than most, but that\\''s too much even for me.  The collection wasn\\''t my favorite of theirs, but still had some standouts like this one.  We saw Stereolab live at First Avenue in March and it was once again a musical highlight of the year.  If you want to learn more about them don\\''t start here - pick up Dots and Loops.', 3, 2006);
INSERT INTO `song` VALUES(19, 'Black Horse &amp; The Cherry Tree', 'KT Tunstall', 'Eye To The Telescope', 'Rhapsody turned me on to this one as an artist they deemed "One to Watch".  I figured I\\''d give it a listen and I\\''m glad I did.  She has a surprisingly hard rocking edge that makes her much more interesting to me than most adult contemporary artists.  She\\''s also one of several artists on the list hailing from Scotland - a testament to the great music coming out of England\\''s friendly neighbor (sorry Paul D and Lars).', 4, 2006);
INSERT INTO `song` VALUES(20, 'You Made It', 'DJ Shadow', 'The Outsider', 'This schizophrenic release by the sampling master is a far cry from his classic "Endtroducing" album of 1996, but it still contains a couple of great songs like this one.  As you can tell, this really doesn\\''t sound like DJ music at all, which has always been one of Shadow\\''s strengths: defying convention and merging sounds that werent designed to be merged.  Unless youre a fan of hip hop music, Id stay clear of this album, but enjoy this tune and definitely checkout Endtroducing if you don\\''t have it already.', 5, 2006);
INSERT INTO `song` VALUES(21, 'White Collar Boy', 'Belle &amp; Sebastian', 'The Life Pursuit', 'Back to back Scottish - they\\''ve become the new French for me!  Actually, these old favorites of mine put out one of their best albums in years in 2006.  They\\''ve departed a bit from their typical light folk pop on The Life Pursuit as this vampy number indicates.  Like many of the choices on this list, they employ musical elements of the 60\\''s and 70\\''s rock and pop in a modern revision of classic sounds.  To me this is their best full album since The Boy with the Arab Strap.  Did I mention that they\\''re Scottish?', 6, 2006);
INSERT INTO `song` VALUES(22, 'On The Radio', 'Regina Spektor', 'Begin To Hope', 'I first heard this song on the Current and immediately liked it.  I found the lyrics interesting and her voice seemed Bjork-ish to me.  She describes hearing the song "November Rain" by Guns n\\'' Roses on the radio and how the DJ fell asleep so she heard it twice.  Despite liking the song she offers up some fairly valid criticisms about the guitar solo.  I don\\''t know why I find this amusing.', 7, 2006);
INSERT INTO `song` VALUES(23, 'Crazy', 'Gnarls Barkley', 'St. Elsewhere', 'Gnarls Barkley is more than just a funny name.  It\\''s the duo of record producer Danger Mouse and wrapper Cee Lo combining to create some great experimental hip hop.  "Crazy" got mainstream radio airplay (or so I hear) and their cover of the Violent Femmes "Gone Baby Gone" is also great.  It\\''s no wonder that its sound and style is similar in nature to Gorillaz.  Danger Mouse was their producer.', 8, 2006);
INSERT INTO `song` VALUES(24, 'Fly Me Away', 'Goldfrapp', 'Supernature', 'This one made it on a technicality.  Released in 2005 in the UK, Supernature is Goldfrapp\\''s third album release.  It was not released in the US until February.  It\\''s as solid as everything they\\''ve done to date. It\\''s great retro-sounding synth pop fronted by one of the greatest voices in pop music.  I could listen to Goldfrapp for hours.  During the Superbowl this year I even saw a Pepsi commercial using "Ooh La La" from this album.  It was listed on several of the Current DJ\\''s best of albums of the year and I agree.', 9, 2006);
INSERT INTO `song` VALUES(25, 'Tears For Affairs', 'Camera Obscura', 'Let\\''s Get Out of This Country', 'Bloody hell - more Scots!  OK, just let me get it out of my system folks.  This is the last one, but I\\''ve saved the best for last.  Glasgow\\''s Camera Obscura has been around for several years, but has flown under my radar until hearing it played by Mark Wheat in October on The Current.  I could not get this music out of my head.  Tracyanne Campbell\\''s voice is sweet and the lyrics are funny and smart.  It has a classic Belle &amp; Sebastian sound, and also revives some 60\\''s and 70\\''s girl band personas.  This was my favorite album of the year.', 10, 2006);
INSERT INTO `song` VALUES(26, 'Everyone\\''s Rooting For You', 'Sondre Lerche', 'Duper Sessions', 'Here\\''s a nice change of pace.  Another recommendation by Rhapsody based on my listening patterns, this is a recording session that Norweigan Baroque Pop (as I have learned one my favorite genres of music) artist Sondre Lerche made with the Faces Down Quartet.  This is great jazzy stuff that sounds like classic Chet Baker or Engleberg Humperdink.  Sondre holds his own and sounds very comfortable outside his normal space.', 11, 2006);
INSERT INTO `song` VALUES(27, 'Sweet and Tender Hooligan', 'Nouvelle Vague', 'Bande a Part', 'I always like to throw in a goofball track into the mix.  It typically includes William Shatner, but alas we were not blessed with any new Shatner music in 2006 (to my knowledge).  As a great consolation prize I give you a remake of the Smith\\''s classic from a CD of  Bassanova covers of 80\\''s new wave hits.  This is great stuff for 80\\''s music fans and allows us to get reacquainted with some classic Morrissey lyrics.  Sorry Moz, your new album this year just doesn\\''t compare to your old classics.  If you get this CD make sure you get the limited edition that contains this song.', 12, 2006);
INSERT INTO `song` VALUES(28, 'Sometimes I Don\\''t Get You', 'Yo La Tengo', 'I Am Not Afraid of You and I Will Beat Your A', 'Larry had told me about this band several years ago.  He mentioned that they were getting significant airplay in Southern California where he was living at the time.  I assumed that because of the name of the band and the fact they were favorites in LA that they were some sort of Los Lobos protege.  Bad assumption.  They are actually a three piece band from Hoboken New Jersey plays eclectic guitar and organ-oriented indie rock that seems similar to Stereolab.  This adventurous album is quite varied in sound and I found it a lot of fun.  This particular song has a sort of Vince Guaraldi feel to it.', 13, 2006);
INSERT INTO `song` VALUES(29, 'The Perfect Crime #2', 'The Decemberists', 'The Crane Wife', 'I love it when non-geeks introduce me to technology.  Paul H. inquired if I\\''d used Pandora.  I hadn\\''t and took a look.  It\\''s a very cool website that plays songs and gives you a chance to vote on if you like the song or not.  It then uses an algorithm to recommend other songs based on your voting history.  I\\''d encourage you to check it out.  This song comes from a band Paul discovered on Pandora.  He\\''s not the only one who likes them.  They were on The Current\\''s Mark Wheat', 14, 2006);
INSERT INTO `song` VALUES(30, 'Mr. Ambulance Driver', 'The Flaming Lips', 'At War With the Mystics', 'The Flaming Lips is a band I\\''ve wanted to listen to for several years and just hadn\\''t gotten around to it.  Their new album got heavy rotation on The Current.  It seemed like the rare case of music that was played consistently by all the DJs.  Well, when I finally got around to hearing the whole album, they were as good as I\\''d been told.  Again the 70\\''s musical styles abound on this one.  Many of the truly excellent songs were too long to fit on this CD.  I was bummed to miss their performance at the Minnesota State Fair.', 15, 2006);
INSERT INTO `song` VALUES(31, '99th Floor', 'Primal Scream', 'Riot City Blues', 'OK I lied.  It was due to ignorance and not malice. I didn\\''t know until writing this that Primal Scream is from Scotland and not Manchester where I had assumed they were from.  My instinct is to think every influential post-Beatles band is from Manchester.  Primal Scream was really relevant 15 years ago with Screamadelica and then they just sort of stopped.  That\\''s what made this album such a surprise.  It\\''s a fun Rolling Stones-style bluesy, down and dirty rock and roll.  To make up for my lie, I guess I\\''m just going to have to label this the ', 16, 2006);
INSERT INTO `song` VALUES(32, 'Stuck Between Stations', 'The Hold Steady', 'Boys and Girls in America', 'Here are the critical darlings of the set.  The Hold Steady is a Brooklyn band who originated from the Twin Cities and likes to write lyrics about our home town.  They strike me as a modern day Bruce Springsteen with slightly more subversive lyrics.  Many of the Current DJs listed this album on their best of 2006 lists.  Even though this kind of music isn\\''t typically my cup o tea, I can appreciate the lyrics and the quality of the songs.  Plus, it\\''s always fun to hear about where you live in popular song.', 17, 2006);
INSERT INTO `song` VALUES(33, 'The Information', 'Beck', 'The Information', 'Back-to-back solid releases from the Beck-meister lands him on the list again.  This has him in his classic musical junk collector best (on one song he pulls off using dial tones to create a catchy melody).  I\\''d have to say I actually like this album even better than last year\\''s Guero.  Which leads me to wonder when I\\''ll put together one of these samplers that doesn\\''t include a Beck song.', 18, 2006);
INSERT INTO `song` VALUES(34, 'Stars Above Us', 'Saint Etienne', 'Tales from Turnpike House', 'Back in my first summer in Minnesota (1992) when KJ104 was the alternative station in town, Saint Etienne\\''s cover of Neil Young\\''s  "Only Love Can Break Your Heart" was one of the hits of the summer.  Since then, I\\''ve followed Saint Etienne off and on and found them to always produce quality music in what has come to be known as "Dream Pop".  Lead singer Sarah Cracknell is right up my alley vocally.  This year\\''s CD is a concept album about the characters living in an apartment building in London.  Presumably the Brit\\''s on the list could tell me where exactly Turnpike House is.  Oh well, just add it to the ever growing list of places in England referenced in music that I hope to visit one day.', 19, 2006);
INSERT INTO `song` VALUES(35, 'Tripped', 'Oohlas', 'Best Stop Pop', 'PitchforkMedia.com is a cool website that reviews albums.  I found out about the Ooohlas there.   I don\\''t always agree with their reviews, but I enjoy reading them nonetheless.  Strangely, now that I think of it, it wasn\\''t a review, but an online ad.   See, who says advertising on the web doesn\\''t work.  Anyways, The Oohlas sound like the Pixies-Throwing Muses-Belly-Breeders branch of alternative music.  It seemed like a fun one to throw into the mix.  I haven\\''t heard anyone anywhere talking about them, so I may be taking out on a limb with this one.', 20, 2006);
INSERT INTO `song` VALUES(37, 'Super Massive Black Hole', 'Muse', 'Black Holes and Revelations', 'Mike K. originally mentioned Muse to me at Bunny\\''s.  Serendipitously, Steve P had the CD with him at work the next day.  I have to admit I\\''ve had a love/hate relationship with this one.  At times, they\\''ve made me think I was listening to new Radiohead.  At other times, they\\''ve sounded like unoriginal alt rock.  Jill Riley at The Current concurs with Mike and Steve.  She listed the Muse album on her best of 2006.  This song is one of my favorites from the album that I\\''ve never waned from liking.', 21, 2006);
